radiant_win,radiant_score,dire_score,first_blood_time,duration,P1_gold_per_min,P1_hero_damage,P1_kda,P1_kills,P1_last_hits,P1_level,P1_xp_per_min,P1_deaths,P2_gold_per_min,P2_hero_damage,P2_kda,P2_kills,P2_last_hits,P2_level,P2_xp_per_min,P2_deaths,P3_gold_per_min,P3_hero_damage,P3_kda,P3_kills,P3_last_hits,P3_level,P3_xp_per_min,P3_deaths,P4_gold_per_min,P4_hero_damage,P4_kda,P4_kills,P4_last_hits,P4_level,P4_xp_per_min,P4_deaths,P5_gold_per_min,P5_hero_damage,P5_kda,P5_kills,P5_last_hits,P5_level,P5_xp_per_min,P5_deaths,P6_gold_per_min,P6_hero_damage,P6_kda,P6_kills,P6_last_hits,P6_level,P6_xp_per_min,P6_deaths,P7_gold_per_min,P7_hero_damage,P7_kda,P7_kills,P7_last_hits,P7_level,P7_xp_per_min,P7_deaths,P8_gold_per_min,P8_hero_damage,P8_kda,P8_kills,P8_last_hits,P8_level,P8_xp_per_min,P8_deaths,P9_gold_per_min,P9_hero_damage,P9_kda,P9_kills,P9_last_hits,P9_level,P9_xp_per_min,P9_deaths,P10_gold_per_min,P10_hero_damage,P10_kda,P10_kills,P10_last_hits,P10_level,P10_xp_per_min,P10_deaths
False,0.0,10.0,149,369,101,0.0,0,0,3,1,24,2,94,0.0,0,0,1,1,24,2,107,0.0,0,0,2,1,24,2,105,0.0,0,0,2,1,24,2,110,0.0,0,0,3,1,24,2,577,397.0,5,2,9,3,132,0,552,164.0,1,1,3,3,132,0,507,574.0,5,0,9,3,132,0,540,226.0,2,0,10,3,129,0,546,637.0,5,2,5,3,100,0
True,6.0,1.0,125,370,457,312.0,2,1,5,2,91,1,496,336.0,5,1,6,3,116,0,489,443.0,4,1,8,3,116,0,539,328.0,3,2,11,3,116,0,462,475.0,3,0,4,3,116,0,163,0.0,0,0,4,2,60,1,154,0.0,0,0,5,3,158,1,158,0.0,0,0,5,2,60,1,124,0.0,0,0,2,2,39,2,137,0.0,0,0,4,2,60,1
True,30.0,5.0,89,684,285,294.0,0,0,9,3,72,2,286,148.0,0,0,9,3,77,3,290,347.0,0,0,8,3,83,2,299,301.0,0,1,8,3,75,2,1352,14363.0,28,28,72,13,744,0,139,0.0,0,0,0,2,35,7,373,2933.0,1,5,17,7,276,2,139,0.0,0,0,0,2,23,7,139,0.0,0,0,0,2,36,7,139,0.0,0,0,0,2,38,7
False,4.0,42.0,34,635,336,4466.0,0,4,24,6,219,4,90,0.0,0,0,0,2,32,9,90,0.0,0,0,0,2,28,9,90,0.0,0,0,0,2,41,10,90,0.0,0,0,0,3,58,10,300,72.0,0,0,9,2,48,1,275,0.0,0,0,2,2,48,1,319,76.0,0,1,10,2,48,1,287,63.0,0,0,3,2,48,2,1651,19582.0,39,39,56,15,998,0
False,2.0,10.0,139,407,107,0.0,0,0,2,1,13,2,118,0.0,0,0,2,1,13,2,108,0.0,0,0,3,1,13,2,98,0.0,0,0,0,1,13,2,98,0.0,0,0,0,1,13,2,548,478.0,5,2,13,3,146,0,558,1063.0,4,4,14,4,174,0,527,829.0,1,2,10,3,135,1,472,206.0,2,1,9,3,146,0,409,308.0,2,0,0,3,135,1
False,2.0,10.0,121,377,98,0.0,0,0,0,1,13,2,112,24.0,0,0,2,1,13,2,104,0.0,0,0,1,1,13,2,114,0.0,0,0,2,1,30,2,98,0.0,0,0,0,1,13,2,465,319.0,1,2,3,3,123,1,477,545.0,6,1,8,3,140,0,421,201.0,1,0,3,3,99,1,541,615.0,4,1,11,3,157,0,548,687.0,7,3,6,3,116,0
False,2.0,27.0,0,373,244,1577.0,0,2,1,3,102,16,167,0.0,0,0,2,2,79,2,132,0.0,0,0,5,2,42,3,121,0.0,0,0,1,2,44,3,120,0.0,0,0,0,2,42,3,616,2566.0,17,4,10,4,219,0,558,2203.0,18,2,6,4,219,0,647,2570.0,8,7,6,4,186,1,590,2290.0,7,4,5,4,198,1,609,2024.0,19,3,5,4,191,0
False,0.0,11.0,126,373,97,0.0,0,0,1,1,19,3,99,0.0,0,0,2,1,12,2,90,0.0,0,0,0,1,19,2,102,0.0,0,0,2,1,18,2,104,144.0,0,0,1,1,19,2,596,995.0,5,4,3,3,97,0,526,92.0,1,0,9,3,140,0,537,919.0,4,2,9,3,122,0,546,264.0,3,0,9,3,115,0,596,157.0,1,0,15,3,122,0
False,,,158,2625,421,10668.0,2,3,222,20,521,7,527,26568.0,2,18,262,22,577,10,366,8848.0,2,3,162,18,394,9,272,2805.0,2,3,56,15,306,5,185,2527.0,1,0,12,12,204,8,452,18794.0,2,10,99,21,543,8,427,18942.0,4,8,88,21,569,6,336,13048.0,4,7,48,14,247,5,372,9621.0,2,6,67,19,449,7,769,12162.0,5,6,472,25,749,2
False,,,204,2220,353,7118.0,2,4,64,15,353,5,296,12669.0,1,3,51,15,358,9,296,5798.0,0,6,32,14,308,11,504,11724.0,1,8,248,19,510,9,365,8707.0,1,4,140,16,393,6,380,11811.0,2,7,47,16,404,9,513,12344.0,3,5,175,18,467,4,416,10767.0,4,4,81,18,509,4,705,15651.0,5,14,253,21,672,3,409,7170.0,2,7,55,15,324,6
False,,,77,3269,283,8376.0,1,5,68,16,273,8,316,5237.0,1,2,142,18,339,9,549,15375.0,1,10,390,25,599,10,347,11395.0,1,4,176,18,329,8,555,6159.0,1,3,480,25,594,7,351,9385.0,4,6,106,20,410,7,376,11637.0,3,6,149,21,434,6,726,15301.0,5,9,561,25,595,4,342,7688.0,3,8,105,20,408,4,471,24105.0,6,13,211,25,599,4
True,,,376,2445,387,16952.0,3,12,41,19,497,7,413,15765.0,5,9,98,18,460,4,448,14788.0,5,10,104,20,523,4,518,18012.0,2,9,141,19,488,8,265,1329.0,0,0,50,15,320,8,279,9200.0,1,2,88,15,320,10,372,19038.0,2,13,104,20,537,8,376,17676.0,3,8,134,18,441,5,234,11081.0,1,5,66,14,275,8,172,3918.0,0,2,13,11,175,9
True,,,318,2194,350,,6,5,49,16,410,3,423,,5,11,63,18,484,4,536,,5,17,107,20,590,4,302,,2,3,19,15,366,6,721,,28,13,226,23,816,0,368,,1,6,91,18,489,9,450,,1,7,150,19,568,6,153,,0,2,13,10,150,13,185,,0,2,9,12,232,8,273,,0,0,61,13,261,13
True,,,281,1574,904,,14,11,163,20,826,1,716,,17,20,87,21,914,1,618,,16,18,74,20,825,2,325,,1,3,37,11,302,5,410,,5,11,17,15,514,3,387,,0,5,59,15,460,15,263,,0,0,89,11,256,12,247,,0,3,44,11,309,12,134,,0,0,7,8,122,13,197,,0,2,17,8,165,14
False,,,97,3532,362,,1,6,201,22,455,13,273,,1,3,107,21,392,9,496,,3,18,315,25,551,9,225,,1,6,19,16,235,17,380,,1,8,210,24,510,11,555,,7,17,314,25,550,3,646,,2,6,478,25,563,7,279,,2,8,29,19,326,11,329,,2,7,53,22,457,12,508,,3,18,258,25,552,10
False,,,27,2067,342,,2,16,42,15,385,14,199,,1,3,28,11,221,17,387,,3,12,79,19,570,8,279,,2,5,39,17,450,11,284,,0,3,74,16,424,11,528,,3,13,97,20,654,9,893,,8,23,309,25,940,2,314,,1,4,15,15,365,12,418,,3,6,37,17,481,11,551,,4,12,92,21,697,6
False,,,112,2775,274,,2,10,52,17,364,10,233,,1,0,56,16,299,13,571,,1,12,266,23,639,10,361,,1,7,190,20,479,15,236,,1,8,29,15,273,12,327,,2,6,37,19,446,10,593,,5,25,162,25,703,6,736,,5,10,332,24,686,4,485,,7,16,101,24,685,4,266,,1,1,12,16,320,13
True,,,177,2099,439,,3,6,38,18,529,8,450,,4,8,75,20,650,4,423,,2,4,118,17,447,5,863,,4,19,255,24,880,4,315,,2,6,14,15,340,7,337,,1,9,111,17,449,7,235,,1,4,51,13,282,13,236,,1,5,49,14,315,8,277,,1,5,74,16,404,8,191,,1,4,9,13,280,8
False,,,147,1690,316,,2,5,80,17,551,3,195,,0,3,29,11,239,11,355,,1,3,51,13,330,6,209,,1,3,26,11,225,9,206,,0,3,55,11,277,9,357,,7,4,14,14,387,2,521,,5,14,91,17,570,4,503,,3,4,117,16,480,4,462,,6,10,64,17,576,4,337,,1,3,32,13,328,5
True,,,115,1668,402,,3,0,80,14,401,3,910,,19,10,294,21,856,0,394,,2,7,42,15,479,6,536,,6,10,96,16,544,2,376,,12,3,48,11,268,0,213,,0,1,33,11,245,8,464,,2,8,146,15,482,3,149,,1,1,7,9,181,7,260,,0,0,88,11,272,6,339,,0,1,128,13,357,6
True,,,233,1607,246,,2,1,14,11,302,4,597,,2,1,169,16,546,4,500,,4,14,52,20,831,6,514,,5,17,67,19,768,4,328,,2,6,26,15,452,5,300,,0,4,64,13,346,10,222,,1,3,23,13,343,7,251,,1,3,43,13,354,6,414,,1,6,84,15,467,11,260,,1,6,10,11,280,9
False,,,40,3259,117,92.0,0,0,0,5,35,60,262,9481.0,58,12,60,16,251,0,236,6715.0,53,16,48,15,219,0,262,11173.0,55,21,54,15,220,0,258,10485.0,57,10,50,15,244,0,144,0.0,0,0,0,6,37,56,249,8515.0,29,14,54,14,193,1,276,9534.0,18,16,81,13,190,2,221,8257.0,18,10,23,14,192,2,258,11063.0,29,16,55,14,196,1
False,,,36,3427,118,843.0,0,0,0,6,37,63,237,8424.0,49,13,75,14,204,0,235,9981.0,27,17,61,14,200,1,223,9564.0,17,8,46,15,225,2,244,10503.0,53,15,71,14,203,0,155,0.0,0,0,0,6,37,54,260,12306.0,31,12,55,14,195,1,257,10072.0,62,16,41,15,208,0,256,8680.0,63,11,44,15,209,0,275,10852.0,64,20,43,15,208,0
True,,,41,3157,148,619.0,0,0,0,6,39,56,281,12676.0,19,19,69,13,196,2,236,7811.0,56,7,36,14,205,0,271,11139.0,56,14,69,14,201,0,246,12295.0,18,19,28,13,194,2,117,0.0,0,0,0,5,28,57,229,10767.0,56,16,32,14,218,0,220,9403.0,17,12,40,14,204,2,224,9529.0,57,11,21,14,220,0,291,15111.0,29,19,89,14,214,1
False,,,41,3249,128,147.0,0,0,0,6,40,58,239,11323.0,53,12,42,14,200,0,281,10398.0,25,16,86,14,195,1,222,8119.0,25,12,33,13,189,1,227,7489.0,52,8,25,14,197,0,144,0.0,0,0,0,5,31,53,236,10120.0,57,11,25,13,191,0,249,11431.0,57,16,41,14,194,0,234,10506.0,57,8,45,13,189,0,275,14232.0,29,18,64,13,185,1
False,,,44,3060,145,0.0,0,0,0,6,39,53,236,10708.0,54,11,29,13,184,0,238,10538.0,52,15,22,13,188,0,242,10000.0,54,11,43,13,177,0,255,12847.0,27,14,58,13,180,1,141,0.0,0,0,0,5,31,55,221,11747.0,53,6,25,13,188,0,241,12244.0,54,15,28,13,196,0,239,12620.0,53,14,30,13,190,0,256,10896.0,52,14,43,13,192,0
False,,,40,3044,124,0.0,0,0,0,6,43,54,232,10482.0,25,16,26,13,186,1,219,9843.0,53,14,24,13,187,0,243,13651.0,53,13,58,13,187,0,222,10212.0,51,10,43,13,199,0,145,568.0,0,0,1,5,29,53,279,12798.0,26,15,66,13,189,1,243,9244.0,26,12,35,13,187,1,255,10396.0,53,15,49,13,198,0,245,8959.0,53,9,50,13,197,0
True,,,41,2999,144,0.0,0,0,0,4,25,58,289,12929.0,17,16,42,13,206,2,264,13019.0,25,15,41,14,217,1,236,7845.0,49,6,25,14,220,0,266,10403.0,24,13,48,13,195,1,134,217.0,0,0,0,6,43,49,270,11456.0,19,11,89,13,199,2,233,10088.0,55,15,23,14,215,0,316,10520.0,29,19,69,14,212,1,231,12149.0,30,16,18,13,193,1
False,,,43,2996,118,0.0,0,0,0,5,38,58,212,6550.0,23,10,25,13,183,1,220,9038.0,23,15,27,13,187,1,230,8208.0,15,14,36,13,189,2,241,9270.0,15,11,71,13,182,2,146,0.0,0,0,0,5,29,50,272,11900.0,62,17,39,14,212,0,291,12939.0,62,14,60,13,206,0,247,10570.0,61,12,31,13,207,0,256,12309.0,61,14,31,13,200,0
True,,,41,3124,146,0.0,0,0,0,6,43,51,239,8910.0,54,10,48,13,187,0,249,11131.0,55,15,40,13,189,0,247,9728.0,25,15,35,13,184,1,271,11659.0,56,13,82,13,194,0,122,636.0,0,0,0,5,27,55,226,10416.0,50,19,25,14,205,0,226,12586.0,51,8,47,14,201,0,223,8801.0,50,7,45,14,201,0,249,12827.0,25,16,63,13,191,1
True,,,41,3320,147,121.0,0,0,0,6,41,55,235,10740.0,57,6,51,14,198,0,306,17623.0,58,30,80,14,196,0,234,9304.0,58,7,40,14,195,0,238,9532.0,58,13,45,14,193,0,114,0.0,0,0,0,5,30,58,238,14661.0,54,21,46,14,202,0,212,9337.0,50,6,48,14,200,0,219,9350.0,54,16,22,14,202,0,226,11043.0,27,8,68,14,198,1
True,,,41,3369,138,0.0,0,0,0,4,23,63,259,11493.0,26,19,56,14,196,1,223,8459.0,54,7,30,14,210,0,270,9940.0,17,15,73,14,204,2,252,12694.0,27,14,35,15,220,1,117,0.0,0,0,0,6,41,55,225,11110.0,61,12,54,14,211,0,269,16423.0,21,22,78,14,206,2,246,11343.0,66,13,47,15,219,0,223,8843.0,63,18,26,14,208,0
False,,,40,3000,128,0.0,0,0,0,7,56,55,264,9490.0,56,5,80,14,237,0,236,10367.0,18,13,35,14,215,2,233,10371.0,28,15,31,14,215,1,265,12286.0,27,24,38,14,213,1,148,0.0,0,0,0,4,23,54,247,8462.0,56,14,24,11,162,0,235,8548.0,55,12,25,12,165,0,234,8513.0,56,6,35,12,165,0,352,19391.0,7,24,76,18,346,6
True,,,47,3204,142,0.0,0,0,0,6,45,59,276,10714.0,17,15,73,14,198,2,236,15388.0,52,11,34,14,213,0,252,11785.0,25,17,24,14,202,1,246,11977.0,26,9,55,14,200,1,146,0.0,0,0,0,6,48,51,250,7859.0,28,12,17,15,226,1,300,12047.0,29,16,82,14,203,1,227,10323.0,58,9,22,14,211,0,279,13807.0,29,20,65,14,204,1
False,,,44,3129,132,0.0,0,0,0,6,39,53,222,5927.0,50,12,46,13,177,0,220,10842.0,54,16,32,13,180,0,238,10349.0,26,15,66,13,180,1,220,8002.0,52,12,44,13,180,0,139,0.0,0,0,0,4,24,55,247,12206.0,49,13,48,13,197,0,241,11756.0,54,15,28,13,196,0,241,10645.0,53,6,54,14,202,0,256,11926.0,53,16,52,13,197,0
True,,,41,3060,156,0.0,0,0,0,4,24,60,259,7566.0,48,18,37,13,187,0,270,8871.0,48,9,67,13,188,0,256,6403.0,47,8,52,13,189,0,256,8065.0,47,13,40,13,190,0,114,0.0,0,0,0,5,36,49,219,8778.0,58,10,47,13,185,0,215,7402.0,56,16,20,13,183,0,223,9549.0,60,13,38,13,183,0,224,8813.0,55,15,44,13,184,0
True,,,42,3032,146,0.0,0,0,0,5,28,58,247,8017.0,52,13,48,13,187,0,256,12387.0,25,14,40,13,198,1,242,6718.0,50,17,23,13,190,0,240,8107.0,54,11,44,13,188,0,118,0.0,0,0,0,5,37,54,229,11807.0,58,17,25,13,202,0,240,8971.0,57,11,52,13,197,0,223,9102.0,27,11,51,13,202,1,223,8002.0,59,15,27,13,199,0
False,,,41,2984,119,0.0,0,0,0,5,39,55,234,11019.0,48,12,48,13,194,0,246,11905.0,49,11,75,13,192,0,230,12368.0,49,12,43,13,197,0,240,9529.0,44,11,59,13,192,0,152,0.0,0,0,0,6,41,48,243,7682.0,55,14,25,13,186,0,241,7742.0,16,11,29,12,173,2,264,8476.0,55,14,50,13,186,0,277,9219.0,53,11,80,13,188,0
True,,,44,3141,139,0.0,0,0,0,5,34,55,236,7498.0,50,9,40,13,182,0,237,9426.0,54,14,40,13,179,0,251,9745.0,55,18,43,13,177,0,227,8946.0,55,14,23,13,173,0,134,0.0,0,0,0,5,32,55,227,8707.0,54,11,31,13,189,0,223,9713.0,55,15,22,13,186,0,227,8656.0,52,10,44,13,188,0,231,15064.0,55,16,34,13,184,0
True,,,43,2904,142,0.0,0,0,0,5,31,55,227,7065.0,50,15,10,13,189,0,287,9357.0,50,13,74,13,190,0,233,8030.0,52,13,21,13,195,0,212,7987.0,51,10,13,13,193,0,118,0.0,0,0,0,5,38,51,220,8186.0,25,18,24,12,185,1,212,9462.0,55,11,27,13,186,0,212,8600.0,52,12,36,12,179,0,210,9975.0,52,12,25,12,184,0
True,,,40,2998,143,0.0,0,0,0,4,26,53,227,6824.0,24,9,27,13,197,1,243,8315.0,23,14,29,13,205,1,321,13157.0,15,16,100,13,198,2,255,9111.0,50,9,51,13,206,0,140,0.0,0,0,0,5,35,49,275,11218.0,17,16,60,13,194,2,255,12622.0,54,13,46,13,207,0,230,9224.0,25,10,24,13,198,1,248,9636.0,25,15,14,13,197,1
False,,,44,3198,125,0.0,0,0,0,6,40,60,238,6879.0,50,12,48,14,197,0,265,12796.0,53,18,73,14,197,0,235,10278.0,25,11,42,13,190,1,243,8555.0,50,10,52,14,195,0,144,0.0,0,0,0,5,29,53,233,7933.0,29,10,33,14,201,1,248,9428.0,59,18,33,14,197,0,242,9402.0,58,9,52,14,201,0,294,11988.0,29,19,91,14,195,1
False,,,42,3208,116,0.0,0,0,0,6,38,56,205,10571.0,53,10,24,14,201,0,227,9815.0,52,13,50,14,206,0,279,15364.0,26,17,85,14,211,1,204,10221.0,25,11,25,14,196,1,143,0.0,0,0,0,5,34,53,234,10191.0,56,13,23,14,205,0,255,16080.0,54,13,43,14,206,0,274,16057.0,27,18,59,14,201,1,237,11223.0,18,8,44,13,192,2
False,,,42,3419,132,0.0,0,0,0,5,32,62,290,10761.0,57,17,74,14,205,0,239,10302.0,26,12,54,14,193,1,237,9005.0,53,10,55,14,205,0,220,9777.0,56,15,25,14,206,0,141,0.0,0,0,0,5,34,56,239,12569.0,31,16,36,14,188,1,241,10839.0,62,14,44,14,194,0,267,17131.0,30,16,64,14,207,1,246,12242.0,62,13,62,14,193,0
True,,,43,3087,142,0.0,0,0,0,4,25,59,247,7515.0,25,14,46,13,186,1,235,8847.0,51,15,24,13,192,0,256,9765.0,50,17,53,13,188,0,243,9492.0,52,6,62,13,189,0,120,0.0,0,0,0,5,35,52,222,9082.0,58,17,32,13,190,0,242,10905.0,58,13,66,13,187,0,244,12029.0,58,19,56,13,189,0,218,9492.0,59,8,45,13,189,0
False,,,41,3282,138,0.0,0,0,0,6,45,61,256,12215.0,55,16,64,13,189,0,248,15709.0,55,12,58,13,189,0,246,11191.0,56,13,58,14,197,0,225,10099.0,52,12,27,14,190,0,143,0.0,0,0,4,5,29,53,254,10229.0,17,14,56,14,193,2,239,12128.0,60,15,44,14,199,0,237,8424.0,28,15,25,14,198,1,251,9970.0,58,16,45,14,198,0
False,,,45,3392,118,0.0,0,0,0,6,45,60,219,5925.0,51,10,49,14,199,0,221,4799.0,50,15,28,14,200,0,233,7654.0,54,16,54,14,198,0,235,7791.0,53,15,55,14,203,0,154,0.0,0,0,0,5,30,55,250,13923.0,28,18,31,14,200,1,249,7832.0,53,9,51,14,209,0,259,17576.0,59,17,45,14,208,0,244,12218.0,18,13,33,14,192,2
False,,,43,3344,118,0.0,0,0,0,6,43,60,205,8418.0,28,11,18,14,188,1,264,11661.0,28,18,74,15,219,1,303,16072.0,30,23,82,15,217,1,206,8343.0,58,8,30,14,210,0,152,0.0,0,0,0,5,29,60,243,10938.0,62,12,27,14,213,0,275,11455.0,29,19,31,14,212,1,266,11303.0,62,10,67,15,215,0,291,16205.0,29,19,48,15,216,1
False,,,43,3307,114,0.0,0,0,0,5,28,59,243,12251.0,51,16,66,14,211,0,207,11304.0,51,12,28,14,205,0,244,12165.0,25,15,79,14,194,1,198,8731.0,25,7,43,14,190,1,145,0.0,0,0,0,5,33,51,228,9635.0,58,17,13,14,191,0,215,10292.0,28,7,21,13,185,1,274,15064.0,59,21,60,14,195,0,263,10186.0,55,10,74,14,189,0
False,,,43,3155,114,0.0,0,0,0,5,34,52,223,8060.0,23,9,65,13,186,1,220,14807.0,50,9,52,14,200,0,225,9661.0,49,12,44,14,209,0,227,10558.0,15,17,45,13,188,2,168,0.0,0,0,0,6,43,50,248,8168.0,48,8,45,13,186,0,252,12959.0,52,13,35,13,188,0,272,11612.0,51,13,51,13,189,0,274,12718.0,51,19,48,13,190,0
False,,,38,3028,149,0.0,0,0,0,6,48,54,252,9274.0,52,15,25,13,194,0,265,10187.0,26,14,63,13,199,1,267,12236.0,25,17,49,13,188,1,249,8009.0,48,6,54,13,194,0,142,0.0,0,0,0,5,31,53,319,10786.0,25,18,101,13,194,1,222,7897.0,51,10,21,13,199,0,243,8249.0,54,14,29,13,198,0,258,8195.0,52,13,53,13,205,0
False,,,41,3253,116,0.0,0,0,0,6,38,59,231,10283.0,28,11,73,14,194,1,254,12415.0,29,21,49,14,203,1,217,9877.0,19,12,41,14,194,2,222,10365.0,28,15,40,14,201,1,147,0.0,0,0,0,6,39,60,259,10079.0,58,12,58,13,189,0,261,12749.0,29,22,38,13,183,1,249,8374.0,55,11,50,14,192,0,239,9858.0,59,12,33,13,190,0
False,,,41,3199,114,0.0,0,0,0,7,52,58,259,12862.0,52,14,92,14,197,0,210,11383.0,53,10,28,13,193,0,213,12532.0,25,10,40,13,191,1,235,10428.0,52,16,54,14,196,0,161,136.0,0,0,0,6,38,53,244,8627.0,55,11,31,14,195,0,272,11464.0,55,20,41,14,195,0,262,9532.0,55,9,53,14,201,0,269,9295.0,54,16,53,14,197,0
False,,,45,3411,166,13907.0,0,3,6,8,61,57,227,11588.0,55,8,63,15,212,0,227,11556.0,27,17,37,14,200,1,218,11956.0,55,14,29,15,218,0,242,9990.0,26,13,64,15,211,1,150,0.0,0,0,0,6,45,54,259,11829.0,18,17,54,14,196,2,248,8897.0,27,9,55,15,212,1,261,9580.0,56,13,51,15,229,0,261,11697.0,18,14,43,15,211,2
True,,,39,3180,138,0.0,0,0,0,5,31,62,245,7322.0,15,6,70,13,187,2,254,7604.0,51,7,63,14,217,0,267,14383.0,25,20,51,14,200,1,247,8405.0,25,13,40,14,198,1,143,0.0,0,0,0,7,61,52,252,10966.0,61,11,49,13,192,0,250,12993.0,63,18,34,13,190,0,249,10502.0,59,12,60,13,191,0,244,10145.0,60,21,23,14,199,0
True,,,41,3058,153,4230.0,0,1,0,6,44,52,238,7898.0,51,13,34,13,194,0,234,11053.0,25,10,41,13,190,1,244,14003.0,50,11,46,13,194,0,270,11677.0,50,17,68,13,200,0,140,0.0,0,0,0,6,46,51,227,8047.0,50,8,48,13,191,0,239,14065.0,53,23,18,13,185,0,221,5869.0,49,5,39,13,189,0,264,13053.0,25,12,69,13,182,1
False,,,44,3451,143,0.0,0,0,0,7,46,60,247,9209.0,56,15,53,14,198,0,248,11777.0,28,14,46,14,205,1,233,7593.0,53,13,30,15,207,0,285,15340.0,56,13,84,15,209,0,140,0.0,0,0,0,5,33,56,253,11882.0,29,12,62,15,210,1,246,8774.0,57,11,59,15,215,0,270,16575.0,28,17,61,15,214,1,258,15008.0,29,19,54,15,215,1
False,,,40,3296,115,26.0,0,0,0,5,32,62,217,8443.0,48,11,26,14,200,0,209,8039.0,12,9,38,13,172,3,264,10994.0,25,18,78,14,199,1,232,10276.0,52,10,57,14,202,0,157,0.0,0,0,0,5,35,53,262,10918.0,65,14,43,15,219,0,316,16191.0,64,32,56,14,216,0,239,9733.0,62,4,42,14,209,0,281,9960.0,60,14,68,14,213,0
True,,,46,3184,146,0.0,0,0,0,6,44,56,291,14546.0,52,18,77,14,211,0,255,11667.0,25,11,40,14,204,1,228,10040.0,51,9,25,14,205,0,261,11048.0,51,12,64,14,205,0,127,0.0,0,0,0,6,45,48,245,11921.0,54,15,47,14,210,0,242,13294.0,57,18,42,14,213,0,229,11267.0,18,9,54,13,185,2,211,9808.0,13,11,34,13,185,3
True,,,41,3144,155,706.0,0,0,0,5,31,58,267,11871.0,47,17,31,13,197,0,260,11113.0,49,16,37,14,202,0,264,10263.0,24,9,52,13,194,1,256,9191.0,48,6,48,14,199,0,122,0.0,0,0,0,5,35,49,237,14223.0,28,20,27,13,193,1,240,11720.0,28,16,54,14,199,1,236,11720.0,57,10,71,13,196,0,200,9776.0,59,10,22,13,196,0
True,,,36,3100,145,0.0,0,0,0,5,31,58,230,8684.0,50,12,32,13,185,0,253,7966.0,51,11,55,13,186,0,246,8812.0,50,15,41,13,186,0,254,8535.0,51,11,60,13,185,0,118,0.0,0,0,0,5,34,52,220,8391.0,54,14,33,13,198,0,233,9832.0,58,16,44,13,192,0,205,9264.0,56,12,26,13,191,0,247,10523.0,57,12,83,13,193,0
False,,,43,3365,122,256.0,0,0,0,7,52,59,240,9988.0,25,10,79,14,197,1,238,8844.0,54,21,42,15,212,0,227,8047.0,25,9,64,14,202,1,235,9481.0,55,15,35,14,208,0,138,0.0,0,0,0,5,28,58,278,10947.0,56,22,53,15,240,0,257,12117.0,28,14,63,14,204,1,266,12997.0,59,13,59,15,217,0,227,10065.0,28,10,31,14,194,1
False,,,39,3055,117,771.0,0,0,0,6,40,56,199,7012.0,49,6,32,13,188,0,217,9585.0,48,10,48,13,188,0,233,12965.0,50,19,40,13,190,0,221,10252.0,15,10,53,12,176,2,144,0.0,0,0,0,5,31,50,257,7048.0,55,14,44,13,195,0,261,8911.0,57,13,51,13,199,0,247,8887.0,57,15,33,13,201,0,225,8622.0,55,10,19,13,204,0
False,,,46,3254,119,0.0,0,0,0,6,45,60,284,13715.0,64,18,64,15,238,0,235,9694.0,28,14,54,14,198,1,204,6944.0,56,11,25,14,202,0,265,14452.0,64,18,65,15,241,0,138,0.0,0,0,0,4,23,57,245,8786.0,29,7,44,14,206,1,247,13755.0,29,14,34,14,208,1,286,14791.0,11,22,67,13,188,4,237,12338.0,19,15,29,14,203,2
False,,,40,3217,120,0.0,0,0,0,5,36,58,209,10444.0,50,13,21,14,207,0,249,14862.0,24,18,73,14,203,1,214,9535.0,50,4,51,14,209,0,247,11910.0,24,13,60,14,214,1,165,0.0,0,0,0,6,41,50,247,9013.0,27,13,25,14,194,1,260,10134.0,27,9,46,13,184,1,259,10644.0,56,11,39,14,199,0,278,10774.0,26,21,47,13,192,1
False,,,41,3285,117,0.0,0,0,0,6,38,56,225,14343.0,27,13,41,14,196,1,210,7939.0,52,10,35,14,212,0,241,13087.0,53,23,48,14,199,0,224,10855.0,27,8,52,14,201,1,151,0.0,0,0,0,5,30,54,273,10987.0,18,14,51,13,179,2,245,12732.0,57,12,33,14,193,0,260,13642.0,27,14,40,13,187,1,257,12689.0,57,13,50,14,197,0
True,,,41,3458,141,0.0,0,0,0,6,34,59,257,12043.0,56,16,60,14,194,0,236,10293.0,27,13,36,14,194,1,244,11712.0,56,10,48,14,195,0,225,10810.0,56,15,25,14,197,0,133,0.0,0,0,0,6,40,56,223,9872.0,60,16,27,14,195,0,253,10143.0,29,16,67,14,194,1,222,9740.0,59,7,47,14,196,0,252,12210.0,59,17,65,14,196,0
False,,,48,3210,115,0.0,0,0,0,5,34,56,199,5746.0,24,5,29,12,156,1,229,11137.0,50,13,37,13,175,0,292,19723.0,5,21,90,18,320,7,235,10447.0,25,12,55,13,170,1,148,0.0,0,0,0,6,37,50,267,11005.0,28,14,44,15,232,1,282,13218.0,59,20,50,15,232,0,259,11887.0,29,13,36,15,226,1,272,14434.0,29,16,43,15,235,1
True,,,44,3055,156,0.0,0,0,0,5,29,57,250,8527.0,25,12,35,13,183,1,272,9327.0,52,10,47,13,185,0,248,10704.0,51,11,35,13,187,0,253,8985.0,51,15,22,13,186,0,119,0.0,0,0,0,5,38,51,237,11219.0,57,14,43,13,196,0,223,10807.0,56,12,48,13,198,0,222,13983.0,27,18,34,13,180,1,203,9715.0,56,11,19,13,196,0
True,,,43,3452,136,0.0,0,0,0,5,30,64,272,9533.0,51,16,56,14,202,0,233,8008.0,24,7,23,14,195,1,323,19291.0,3,20,101,18,315,12,283,10541.0,53,13,77,14,202,0,140,66.0,0,0,0,7,48,54,278,14303.0,35,17,61,16,249,1,272,14301.0,35,16,62,16,239,1,267,11901.0,70,17,50,16,253,0,292,16101.0,35,22,76,16,246,1
False,,,44,3379,116,242.0,0,0,0,6,40,60,236,12248.0,25,17,49,14,198,1,214,10311.0,24,11,40,14,193,1,231,9505.0,24,14,54,14,197,1,207,8228.0,25,8,32,14,193,1,152,0.0,0,0,0,6,44,51,286,13060.0,29,18,52,14,211,1,284,14402.0,59,20,72,14,192,0,241,11453.0,59,12,31,14,201,0,279,9982.0,61,11,37,16,265,0
True,,,43,2991,144,134.0,0,0,0,5,37,55,221,7171.0,23,14,19,12,175,1,245,6702.0,48,13,45,12,175,0,237,8296.0,48,12,38,12,176,0,238,9163.0,47,7,55,12,178,0,115,6151.0,0,0,2,4,25,48,198,6545.0,52,6,25,13,186,0,283,18321.0,55,30,69,13,188,0,198,10882.0,54,12,22,13,189,0,199,10464.0,54,6,45,13,190,0
False,,,44,3202,133,0.0,0,0,0,5,31,57,249,10734.0,51,13,46,14,210,0,272,15407.0,16,15,78,13,192,2,245,10062.0,24,12,48,14,203,1,248,10041.0,49,9,47,14,206,0,151,2216.0,0,0,1,6,46,52,256,13562.0,19,20,28,13,186,2,255,11922.0,59,13,54,14,200,0,248,11802.0,57,13,34,14,206,0,255,10936.0,57,13,49,14,199,0
True,,,46,3180,139,0.0,0,0,0,5,31,60,268,11643.0,12,13,70,13,179,3,252,10110.0,48,12,62,14,201,0,242,9404.0,53,12,37,14,200,0,246,11702.0,16,15,37,13,187,2,117,0.0,0,0,0,5,30,53,263,14706.0,63,18,69,14,213,0,226,9820.0,63,10,48,14,208,0,245,11265.0,64,16,46,14,211,0,226,16645.0,63,17,31,14,212,0
True,,,43,3151,139,0.0,0,0,0,5,33,56,223,9809.0,48,11,24,13,180,0,219,8286.0,47,11,15,13,179,0,239,9490.0,47,9,52,13,190,0,240,11472.0,48,12,50,13,180,0,127,0.0,0,0,0,6,38,48,221,9125.0,55,13,40,13,191,0,215,10124.0,56,18,23,13,194,0,214,10751.0,55,10,50,13,183,0,199,9030.0,55,11,16,13,186,0
False,,,40,3380,119,408.0,0,0,0,6,38,57,272,13182.0,28,16,100,14,197,1,223,10102.0,58,16,47,14,194,0,211,7851.0,55,14,28,14,195,0,209,9073.0,59,12,30,14,197,0,151,1102.0,0,0,1,5,26,60,279,12457.0,57,13,79,14,202,0,268,8802.0,58,15,53,14,198,0,264,8806.0,58,12,60,14,202,0,254,8502.0,56,11,45,14,199,0
True,,,43,3311,147,0.0,0,0,0,6,44,62,231,7798.0,26,14,28,14,197,1,228,8332.0,52,8,32,14,203,0,284,13602.0,25,16,81,14,195,1,254,11004.0,54,15,59,14,202,0,141,0.0,0,0,0,6,37,54,246,9535.0,63,13,46,14,208,0,281,12481.0,29,24,42,14,201,1,231,8237.0,56,8,45,14,204,0,251,9629.0,61,16,54,14,205,0
True,,,48,3041,146,0.0,0,0,0,4,26,52,285,11015.0,49,12,84,13,199,0,229,6139.0,49,12,18,13,200,0,308,8476.0,44,12,99,13,197,0,235,6683.0,14,11,30,13,185,2,120,0.0,0,0,0,5,29,45,216,8860.0,47,11,36,13,194,0,210,7342.0,23,7,34,13,188,1,223,9988.0,51,15,35,13,194,0,277,12865.0,9,16,96,12,175,4
True,,,24,3122,142,0.0,0,0,0,4,24,51,243,8625.0,44,8,54,13,180,0,246,8587.0,47,14,48,13,180,0,227,8288.0,46,12,18,13,189,0,219,8582.0,22,7,30,13,174,1,115,1368.0,0,0,0,5,36,46,210,7667.0,49,10,42,13,182,0,212,8108.0,24,13,33,13,177,1,222,7615.0,46,13,54,13,197,0,212,8827.0,23,11,47,13,182,1
False,,,41,3031,120,0.0,0,0,0,5,38,48,230,9043.0,21,13,55,13,188,1,237,13354.0,46,16,58,13,198,0,223,11356.0,21,9,45,13,195,1,221,10524.0,45,6,36,13,190,0,159,0.0,0,0,0,4,26,44,305,10321.0,24,17,61,13,186,1,253,6684.0,22,11,39,12,177,1,245,8074.0,48,7,43,13,187,0,233,5775.0,23,10,23,13,185,1
True,,,42,3029,144,1056.0,0,0,0,5,36,53,303,15617.0,44,25,61,13,193,0,226,9921.0,21,9,35,13,183,1,228,8169.0,43,6,38,13,189,0,218,5956.0,42,2,33,13,186,0,119,0.0,0,0,0,5,34,44,234,9818.0,51,14,53,13,195,0,232,13882.0,17,11,49,13,188,2,237,10732.0,53,13,53,13,196,0,217,10754.0,53,14,37,13,199,0
False,,,38,3231,116,0.0,0,0,0,5,33,57,248,9432.0,23,14,69,14,198,1,191,4668.0,45,5,26,14,198,0,228,11671.0,47,13,44,14,197,0,264,11005.0,15,16,72,14,194,2,146,0.0,0,0,0,5,35,46,238,6720.0,25,9,27,14,196,1,292,13867.0,28,18,75,15,228,1,223,6443.0,26,10,23,14,197,1,265,10343.0,54,17,60,14,200,0
True,,,43,3007,153,0.0,0,0,0,5,31,46,248,10937.0,48,12,43,13,180,0,225,9427.0,48,10,19,12,178,0,239,11151.0,49,14,24,13,183,0,226,10576.0,49,10,17,13,183,0,123,0.0,0,0,0,6,41,49,210,9534.0,44,9,46,12,173,0,234,14983.0,46,23,37,12,174,0,195,6851.0,21,6,31,12,167,1,191,6323.0,43,8,22,12,175,0
True,,,31,2991,142,173.0,0,0,0,4,19,55,256,9941.0,46,15,59,12,177,0,255,8396.0,44,12,61,13,183,0,238,8188.0,45,8,46,12,177,0,237,9804.0,45,10,44,12,179,0,123,0.0,0,0,0,5,29,45,223,6984.0,45,10,45,13,189,0,238,12064.0,25,22,36,12,180,1,223,8371.0,46,9,46,12,178,0,233,8614.0,50,14,59,13,181,0
True,,,39,3121,137,0.0,0,0,0,4,24,56,243,7980.0,43,15,46,13,184,0,227,7265.0,44,10,43,13,186,0,222,7982.0,44,9,42,13,187,0,237,8129.0,44,10,57,13,189,0,119,381.0,0,0,0,5,38,45,210,9774.0,48,17,17,13,183,0,207,11692.0,53,15,28,13,184,0,201,7781.0,51,9,33,13,187,0,222,15017.0,54,13,58,13,185,0
True,,,48,3200,148,0.0,0,0,0,5,32,50,240,9899.0,47,8,48,14,213,0,315,13470.0,14,18,92,14,212,2,269,12922.0,15,10,63,14,197,2,224,6522.0,45,10,16,14,209,0,128,0.0,0,0,0,6,43,47,231,8399.0,48,18,32,14,215,0,286,8818.0,23,11,110,14,207,1,237,11036.0,16,16,51,14,204,2,233,7993.0,24,8,62,14,209,1
False,,,37,3282,136,0.0,0,0,0,6,40,56,350,18646.0,26,20,142,14,212,1,229,7630.0,23,12,40,14,198,1,233,7600.0,50,11,42,14,206,0,220,4707.0,43,9,25,14,201,0,159,7722.0,0,1,10,6,39,52,254,9227.0,52,13,57,14,206,0,271,10781.0,55,20,56,14,207,0,276,11325.0,13,12,68,14,194,3,238,13918.0,57,9,39,14,210,0
False,,,43,3213,118,0.0,0,0,0,6,40,58,241,11416.0,51,13,61,15,242,0,252,12108.0,54,15,64,15,244,0,212,8689.0,12,6,40,15,228,3,268,12180.0,56,20,70,15,237,0,160,0.0,0,0,0,5,31,48,287,12371.0,29,16,62,12,165,1,298,18826.0,5,18,75,16,260,8,246,8972.0,57,10,18,13,169,0,261,9311.0,57,13,40,13,169,0
False,,,40,3262,116,0.0,0,0,0,6,37,57,225,9894.0,23,17,47,13,190,1,217,10678.0,51,12,39,14,200,0,234,6329.0,44,9,80,14,195,0,212,8450.0,47,12,46,14,193,0,145,0.0,0,0,0,6,39,50,246,14484.0,27,12,49,13,173,1,230,11395.0,56,15,19,13,188,0,224,11838.0,52,12,23,13,176,0,238,11952.0,51,17,30,13,179,0
True,,,42,3363,142,0.0,0,0,0,6,43,55,219,8421.0,23,12,23,14,185,1,239,9699.0,46,9,51,14,198,0,253,9121.0,46,15,52,14,193,0,227,8700.0,45,7,46,14,200,0,147,0.0,0,0,0,8,72,47,224,11883.0,54,12,29,14,198,0,227,11651.0,53,12,41,14,189,0,222,10908.0,53,13,34,13,185,0,234,13286.0,55,13,46,14,188,0
False,,,44,3088,120,0.0,0,0,0,6,45,47,216,8783.0,11,15,27,13,184,3,203,7293.0,44,5,34,13,192,0,319,15724.0,11,17,127,13,187,3,216,8861.0,47,11,44,13,191,0,142,0.0,0,0,0,4,21,46,280,12012.0,26,10,68,14,217,1,256,10188.0,50,12,60,13,201,0,259,10912.0,16,16,49,13,194,2,233,9113.0,48,10,26,13,201,0
False,,,42,3275,128,0.0,0,0,0,5,28,58,238,9842.0,53,11,46,15,222,0,242,9750.0,26,8,49,14,206,1,233,10960.0,27,19,16,14,199,1,224,9442.0,26,16,25,14,214,1,151,0.0,0,0,0,5,34,52,258,12944.0,56,13,63,14,197,0,255,10779.0,28,21,31,13,190,1,249,8962.0,18,13,21,13,187,2,224,8773.0,26,8,31,13,185,1
False,,,42,3387,147,0.0,0,0,0,7,56,54,261,10821.0,47,13,66,14,192,0,231,8800.0,47,10,30,14,194,0,235,13969.0,48,10,38,14,196,0,235,10478.0,23,10,40,14,198,1,141,0.0,0,0,0,7,47,48,241,12087.0,54,12,54,14,207,0,254,10547.0,54,14,53,14,201,0,218,10284.0,27,12,21,14,200,1,251,12636.0,54,16,55,14,205,0
False,,,43,3419,113,0.0,0,0,0,5,33,53,198,7689.0,48,8,35,14,192,0,215,8967.0,46,15,47,14,191,0,209,9091.0,44,12,42,14,192,0,212,9574.0,47,8,55,14,190,0,139,0.0,0,0,0,5,34,49,250,11346.0,53,17,62,13,176,0,204,9609.0,53,11,20,13,173,0,231,9992.0,52,10,53,13,171,0,210,9219.0,53,13,17,13,168,0
True,,,43,3009,142,0.0,0,0,0,6,42,47,238,12119.0,43,10,48,12,167,0,218,7244.0,40,10,23,12,168,0,213,8825.0,43,7,20,12,167,0,232,11284.0,44,12,39,12,167,0,120,0.0,0,0,0,5,33,44,200,6001.0,47,8,29,13,184,0,202,9459.0,46,11,26,13,186,0,198,7958.0,46,11,29,13,183,0,207,8744.0,46,14,27,13,183,0
False,,,43,2883,116,0.0,0,0,0,5,35,48,228,8737.0,45,5,56,11,156,0,279,15671.0,7,20,55,16,289,5,230,10231.0,46,17,30,11,155,0,211,6618.0,46,6,22,11,161,0,148,0.0,0,0,0,5,35,47,272,10296.0,50,12,57,14,218,0,269,10693.0,15,10,60,12,182,2,247,9596.0,49,9,35,13,213,0,260,10215.0,50,16,28,13,216,0
False,,,41,3103,119,0.0,0,0,0,6,40,48,274,13538.0,16,15,94,14,204,2,214,9085.0,51,9,16,14,223,0,224,8012.0,24,13,13,14,213,1,261,15229.0,51,14,57,14,226,0,155,0.0,0,0,0,5,33,46,240,8549.0,24,5,38,13,190,1,270,10011.0,25,13,54,13,195,1,288,15610.0,16,16,67,13,191,2,238,9146.0,24,10,25,13,190,1
True,,,45,3149,145,0.0,0,0,0,5,36,49,276,11832.0,45,12,69,14,205,0,243,9847.0,22,13,38,14,201,1,269,13371.0,10,8,65,14,211,3,243,11792.0,21,10,41,13,190,1,125,0.0,0,0,0,6,46,43,227,11648.0,50,10,55,14,222,0,261,15072.0,12,16,73,13,187,3,226,12389.0,25,12,56,13,181,1,203,11370.0,49,13,17,14,202,0
False,,,43,3385,114,0.0,0,0,0,5,34,53,229,12525.0,16,15,63,13,182,2,199,8248.0,49,6,43,14,198,0,246,14128.0,47,22,63,14,191,0,213,10870.0,23,5,65,14,188,1,164,0.0,0,0,0,7,58,49,237,8790.0,50,6,42,13,179,0,242,9832.0,53,11,43,13,177,0,273,10767.0,51,19,58,14,198,0,243,8206.0,52,12,36,13,181,0
True,,,51,3247,147,0.0,0,0,0,7,54,51,245,8546.0,50,4,43,14,193,0,234,7007.0,22,12,22,13,173,1,311,15619.0,4,22,71,17,298,9,277,12294.0,50,10,78,13,191,0,141,0.0,0,0,0,7,52,48,266,11311.0,11,17,30,15,240,4,260,11762.0,54,11,64,17,281,0,258,11632.0,27,11,56,15,248,1,302,12398.0,29,21,74,16,249,1
True,,,44,3185,147,0.0,0,0,0,7,53,57,249,9549.0,22,12,47,13,190,1,248,9829.0,10,11,53,14,214,3,248,6863.0,43,8,37,14,201,0,247,10117.0,22,13,53,13,187,1,141,0.0,0,0,0,6,37,45,244,11114.0,18,13,42,14,219,2,248,12822.0,57,16,46,14,214,0,264,12237.0,57,13,50,14,212,0,255,11694.0,57,18,41,14,212,0
True,,,37,3105,206,28797.0,0,5,6,9,99,42,238,11952.0,23,6,65,13,194,1,216,7271.0,45,8,17,14,212,0,225,9345.0,15,8,34,13,183,2,279,13080.0,47,24,45,14,213,0,132,0.0,0,0,0,5,35,45,246,7955.0,22,7,69,15,245,1,256,7432.0,14,13,56,15,234,2,276,11966.0,11,13,58,15,247,3,226,6580.0,10,9,34,14,215,3
True,,,35,3201,141,0.0,0,0,0,5,31,54,233,9983.0,22,7,46,13,177,1,229,8854.0,48,13,33,13,181,0,240,7995.0,44,17,35,13,183,0,224,7601.0,45,9,34,13,181,0,120,0.0,0,0,0,5,33,48,208,9459.0,50,16,30,13,187,0,215,9631.0,51,12,45,13,188,0,209,9280.0,47,11,39,14,198,0,217,6515.0,47,15,30,13,187,0
False,,,38,3378,118,0.0,0,0,0,6,35,53,223,8868.0,47,12,51,14,195,0,219,8752.0,47,12,52,14,198,0,197,7454.0,15,7,39,14,187,2,233,7672.0,48,16,57,14,202,0,145,0.0,0,0,0,6,40,48,238,10117.0,52,12,53,13,176,0,228,8113.0,52,11,37,13,177,0,237,8140.0,51,11,45,13,174,0,217,8432.0,52,12,19,13,176,0
True,,,44,3394,139,0.0,0,0,0,6,40,58,271,13801.0,25,14,69,14,209,1,253,9656.0,43,15,66,14,199,0,236,9322.0,22,14,42,14,195,1,233,10457.0,50,6,56,14,202,0,142,0.0,0,0,0,6,44,51,253,10932.0,55,15,49,14,202,0,247,9969.0,54,11,62,14,205,0,253,12926.0,56,14,58,14,205,0,258,10552.0,53,16,63,14,206,0
False,,,45,3089,117,273.0,0,0,0,6,39,48,211,12343.0,14,8,28,13,179,2,216,11298.0,22,8,53,13,191,1,260,13396.0,45,18,76,13,189,0,201,10250.0,45,8,33,13,181,0,159,0.0,0,0,0,6,39,44,256,9923.0,15,12,46,12,173,2,240,7755.0,49,8,22,14,203,0,269,11127.0,49,21,34,14,202,0,246,9498.0,50,8,34,14,205,0
False,,,44,3187,142,0.0,0,0,0,5,35,53,237,8904.0,41,9,54,13,189,0,250,10067.0,43,13,56,13,189,0,229,7751.0,45,11,29,13,186,0,249,7298.0,41,8,66,13,184,0,140,0.0,0,0,0,5,33,45,237,10677.0,50,13,42,13,187,0,267,11289.0,51,18,68,13,182,0,236,9631.0,50,8,52,13,182,0,221,7292.0,46,12,24,13,178,0
False,,,39,3120,116,0.0,0,0,0,6,38,46,194,7212.0,22,10,24,13,183,1,190,8189.0,23,8,25,13,185,1,316,12126.0,23,22,103,14,224,1,189,7289.0,23,9,7,13,183,1,165,0.0,0,0,0,5,37,48,236,7663.0,44,11,30,13,188,0,292,13427.0,50,15,29,14,218,0,225,9111.0,21,8,21,13,185,1,271,8347.0,22,14,63,13,184,1
True,,,41,3055,142,0.0,0,0,0,4,25,48,275,9877.0,25,14,69,14,211,1,235,8120.0,11,8,31,14,206,3,259,8934.0,51,13,46,14,207,0,287,11054.0,17,20,54,13,202,2,119,0.0,0,0,0,5,29,51,237,12701.0,50,10,54,14,208,0,200,7448.0,49,5,25,14,221,0,227,7971.0,48,9,40,14,232,0,286,17527.0,7,26,77,12,175,5
False,,,40,3267,145,0.0,0,0,0,6,39,52,218,7715.0,45,4,43,13,182,0,217,5721.0,42,9,38,13,182,0,271,11544.0,45,18,78,13,182,0,239,8356.0,47,13,48,13,186,0,147,224.0,0,0,1,4,23,48,245,9828.0,51,13,48,14,190,0,245,9259.0,51,10,61,14,192,0,228,8251.0,52,13,30,14,194,0,250,8764.0,25,14,48,14,193,1
True,,,43,3183,164,0.0,0,0,0,7,52,48,280,10120.0,28,14,45,15,238,1,326,11904.0,59,19,82,15,243,0,272,9472.0,16,12,53,14,215,2,282,10728.0,58,8,57,15,242,0,129,0.0,0,0,0,5,35,50,234,7468.0,48,8,54,14,198,0,223,10056.0,16,6,37,13,194,2,247,13660.0,3,15,67,15,249,10,271,15499.0,16,17,78,13,188,2
True,,,42,3194,143,0.0,0,0,1,6,42,53,238,11290.0,24,6,46,14,204,1,251,15114.0,25,13,40,14,203,1,250,14670.0,24,17,29,14,204,1,229,11593.0,24,14,24,13,185,1,134,0.0,0,0,0,7,53,47,247,11973.0,54,15,38,14,219,0,224,8401.0,12,10,41,13,173,3,225,9254.0,27,12,23,14,212,1,243,10862.0,27,12,26,14,203,1
False,,,44,3008,124,0.0,0,0,0,6,48,48,229,11804.0,45,14,49,13,183,0,205,7938.0,44,10,29,12,177,0,211,8833.0,45,5,58,12,178,0,229,8557.0,42,15,49,12,178,0,146,0.0,0,0,0,5,29,45,260,8509.0,48,10,68,13,180,0,233,7850.0,48,12,28,12,176,0,267,12021.0,48,16,63,13,180,0,216,5171.0,46,8,21,12,177,0
False,,,44,3056,123,0.0,0,0,0,7,55,46,194,8911.0,45,8,21,13,192,0,267,12387.0,22,14,82,13,186,1,213,7231.0,45,7,44,13,187,0,230,13943.0,22,17,30,13,184,1,158,0.0,0,0,0,5,38,44,272,7589.0,46,9,63,13,187,0,275,9547.0,23,10,53,14,208,1,241,9321.0,22,10,30,13,186,1,254,12133.0,46,15,32,13,189,0
False,,,39,3237,128,0.0,0,0,0,6,37,54,257,10786.0,50,12,70,14,207,0,223,8393.0,48,17,21,14,203,0,226,8163.0,49,12,39,14,204,0,190,4892.0,18,6,28,12,157,1,154,0.0,0,0,0,5,32,49,237,9535.0,53,15,29,13,192,0,261,12532.0,54,16,54,14,196,0,238,13516.0,52,12,27,13,192,0,230,10759.0,26,7,40,13,183,1
False,,,39,3171,140,0.0,0,0,0,6,38,53,222,8058.0,48,8,32,13,194,0,238,9549.0,49,17,32,13,193,0,243,10113.0,47,12,58,13,195,0,225,8934.0,24,9,36,13,184,1,144,0.0,0,0,0,6,40,49,248,9999.0,52,16,44,13,183,0,214,8292.0,48,10,19,13,191,0,219,9102.0,49,9,23,13,187,0,257,9314.0,16,16,59,12,167,2
False,,,39,3106,132,180.0,0,0,0,5,31,53,254,13929.0,45,14,55,14,213,0,226,9941.0,46,6,54,14,210,0,199,8465.0,37,13,31,11,136,0,230,13093.0,46,12,41,13,193,0,204,0.0,0,0,0,6,40,46,345,13726.0,25,19,68,13,200,1,220,6858.0,47,8,21,11,151,0,305,9353.0,49,13,46,14,203,0,251,7658.0,48,13,23,12,158,0
False,,,40,3453,141,0.0,0,0,0,6,36,51,296,11244.0,26,19,56,16,253,1,296,14306.0,27,14,89,16,243,1,250,9759.0,49,11,59,15,224,0,231,7456.0,50,9,26,15,223,0,151,0.0,0,0,0,6,43,49,259,10798.0,13,14,60,14,206,3,243,8923.0,25,9,50,14,189,1,244,9629.0,25,12,55,14,188,1,238,8582.0,11,13,45,14,181,3
True,,,40,2982,144,0.0,0,0,0,5,34,52,242,9004.0,43,12,46,13,186,0,244,10200.0,21,15,38,12,179,1,234,8697.0,43,10,42,13,184,0,217,7976.0,41,4,32,13,182,0,128,0.0,0,0,0,6,42,43,245,11964.0,52,18,52,13,183,0,206,9742.0,52,10,30,13,182,0,204,12125.0,54,9,23,12,180,0,206,10885.0,25,12,17,12,175,1
True,,,39,3082,154,0.0,0,0,0,5,29,48,272,14420.0,22,18,24,13,200,1,251,6936.0,19,13,43,14,202,1,250,8831.0,22,6,33,14,206,1,238,6979.0,21,5,39,13,199,1,177,3091.0,0,3,6,11,146,42,212,9388.0,22,16,33,12,173,1,217,8014.0,22,11,55,12,172,1,205,8505.0,47,11,31,13,180,0,186,6469.0,22,7,21,13,176,1
True,,,42,3186,151,794.0,0,0,0,5,29,49,244,10277.0,46,10,34,13,188,0,245,9841.0,47,8,48,13,193,0,238,8950.0,24,11,28,13,191,1,298,11446.0,49,16,77,13,192,0,123,0.0,0,0,0,5,36,48,209,9784.0,47,13,36,13,191,0,229,9470.0,23,8,73,13,192,1,215,7840.0,50,15,34,13,190,0,207,8452.0,47,9,21,13,194,0
True,57.0,64.0,48,3269,162,0.0,0,0,0,5,29,62,259,6928.0,17,11,48,15,191,2,293,8722.0,55,26,50,15,196,0,263,9305.0,56,7,66,15,194,0,246,8799.0,56,13,26,15,195,0,116,0.0,0,0,0,6,41,57,211,10224.0,63,12,36,15,199,0,234,11121.0,61,11,75,15,193,0,235,12263.0,62,14,60,15,201,0,233,12068.0,63,21,40,15,200,0
True,60.0,63.0,31,3291,165,0.0,0,0,0,5,28,63,266,8505.0,58,11,49,15,191,0,270,9525.0,59,15,53,15,193,0,262,10044.0,56,10,54,15,195,0,286,12319.0,57,21,53,15,194,0,118,0.0,0,0,0,6,44,60,219,7604.0,61,15,32,15,196,0,231,10437.0,62,14,63,15,197,0,215,9389.0,61,14,34,15,196,0,235,8744.0,58,19,60,15,194,0
True,58.0,60.0,48,3160,149,0.0,0,0,0,5,37,60,231,8116.0,54,8,32,15,201,0,267,9460.0,58,24,39,15,200,0,232,8205.0,56,8,40,15,198,0,315,11782.0,57,16,105,15,203,0,121,0.0,0,0,0,6,44,58,215,9113.0,60,13,36,15,207,0,253,10403.0,58,15,82,15,203,0,218,10392.0,60,14,28,15,197,0,248,12571.0,58,13,73,15,202,0
False,58.0,65.0,35,3281,133,0.0,0,0,0,5,33,63,233,10016.0,27,6,60,15,201,1,254,9623.0,56,17,56,16,209,0,249,13520.0,28,14,60,16,203,1,273,11715.0,57,19,79,16,211,0,152,0.0,0,0,0,6,38,58,269,9890.0,61,15,60,15,192,0,255,7763.0,55,14,43,15,190,0,256,9198.0,62,18,30,15,198,0,240,7508.0,55,8,32,15,184,0
True,60.0,58.0,53,3133,155,0.0,0,0,0,5,35,58,250,8559.0,58,20,24,14,182,0,255,8999.0,59,15,45,15,189,0,271,11314.0,59,9,80,15,190,0,250,10007.0,58,11,46,14,183,0,116,0.0,0,0,0,5,31,59,224,9214.0,57,15,44,15,198,0,197,9402.0,56,6,29,15,201,0,265,11450.0,54,17,85,15,204,0,238,11660.0,27,15,66,15,190,1
False,56.0,61.0,50,3187,144,0.0,0,0,0,5,35,61,251,9045.0,54,18,34,15,200,0,287,9502.0,54,6,110,15,201,0,240,11103.0,54,15,27,15,202,0,242,7359.0,56,12,29,15,203,0,153,0.0,0,0,0,6,40,56,236,10346.0,59,13,30,15,191,0,246,10529.0,58,7,57,15,187,0,264,13482.0,59,23,41,15,191,0,253,8366.0,59,13,49,15,186,0
True,61.0,59.0,56,3196,147,0.0,0,0,0,6,39,59,250,8629.0,56,14,41,15,184,0,264,8562.0,56,19,48,15,184,0,255,8694.0,59,12,47,14,183,0,242,9890.0,56,13,40,15,185,0,146,0.0,0,0,0,5,27,61,261,15443.0,59,17,51,15,193,0,244,9485.0,57,9,44,15,197,0,235,11247.0,58,13,22,15,193,0,232,10097.0,59,11,24,15,199,0
True,60.0,62.0,42,3241,147,0.0,0,0,0,6,39,62,257,10239.0,58,13,55,15,201,0,262,11818.0,60,13,62,15,201,0,252,10657.0,60,18,44,15,198,0,228,9570.0,57,15,16,15,198,0,144,0.0,0,0,0,6,40,59,268,12081.0,27,12,84,15,199,1,264,15032.0,61,24,40,16,208,0,215,9505.0,59,7,24,15,198,0,237,11277.0,56,14,36,15,202,0
True,59.0,63.0,36,3267,164,0.0,0,0,0,5,27,63,266,14152.0,57,19,40,15,200,0,259,11052.0,56,14,37,15,201,0,246,8850.0,57,7,37,15,201,0,266,11870.0,57,19,35,15,203,0,116,0.0,0,0,0,6,42,59,212,10260.0,56,11,38,15,188,0,221,6435.0,52,8,52,15,187,0,222,9677.0,58,17,40,15,187,0,234,10126.0,57,21,53,15,192,0
False,59.0,83.0,38,3415,113,0.0,0,0,0,6,37,65,303,17660.0,4,21,79,21,350,11,214,6800.0,12,11,49,15,189,3,220,10182.0,18,13,40,15,186,2,209,7848.0,17,12,35,15,190,2,212,0.0,0,0,0,17,223,55,310,10540.0,31,17,55,18,242,1,291,12002.0,30,11,50,17,231,1,313,11488.0,33,25,36,17,230,1,321,12232.0,31,15,66,17,227,1
False,56.0,61.0,41,3211,140,0.0,0,0,0,6,41,61,250,11869.0,55,20,31,15,196,0,253,11107.0,56,7,69,15,196,0,240,9883.0,54,12,33,15,205,0,252,11669.0,55,13,52,15,196,0,149,0.0,0,0,0,6,40,56,232,9541.0,61,7,42,15,201,0,231,7516.0,57,10,28,15,198,0,297,12397.0,58,23,80,15,200,0,250,10961.0,61,19,34,15,202,0
False,61.0,59.0,62,3240,147,0.0,0,0,0,7,49,59,219,6818.0,59,13,20,15,183,0,226,6946.0,56,11,40,15,194,0,223,9344.0,60,13,32,15,184,0,243,13878.0,59,18,42,15,185,0,146,0.0,0,0,0,5,29,61,242,9061.0,57,13,37,15,202,0,258,13600.0,58,15,54,15,199,0,245,10759.0,58,15,31,15,200,0,239,9058.0,58,13,37,15,200,0
False,63.0,62.0,52,3289,144,0.0,0,0,0,6,41,62,267,12452.0,60,18,53,16,203,0,230,9671.0,60,11,38,15,199,0,275,12954.0,59,20,75,15,201,0,233,12347.0,62,11,34,16,203,0,146,0.0,0,0,0,5,33,61,250,10149.0,58,16,43,16,205,0,240,8974.0,61,14,32,16,207,0,249,10220.0,19,17,35,16,203,2,245,11497.0,62,13,35,16,212,0
True,62.0,64.0,35,3412,157,0.0,0,0,0,7,55,62,237,8601.0,60,17,33,16,206,0,236,7481.0,19,13,35,15,191,2,279,9888.0,59,17,85,16,203,0,234,11215.0,59,12,37,16,202,0,140,0.0,0,0,0,5,34,62,245,13536.0,62,18,42,16,198,0,243,13746.0,60,10,48,16,201,0,237,12614.0,62,15,37,16,199,0,236,14283.0,62,15,34,16,196,0
True,59.0,63.0,47,3321,142,0.0,0,0,0,5,26,63,235,6681.0,53,12,27,16,203,0,246,6678.0,57,15,31,16,201,0,241,9353.0,56,14,36,16,203,0,237,12512.0,58,15,33,16,204,0,113,0.0,0,0,0,7,48,59,228,10082.0,62,16,57,15,197,0,220,8232.0,58,14,43,15,192,0,218,8838.0,60,16,41,15,191,0,230,9382.0,62,16,60,15,193,0
False,54.0,59.0,37,3088,121,0.0,0,0,0,6,43,59,191,7361.0,51,6,22,15,200,0,217,10001.0,52,21,23,15,196,0,220,11384.0,54,17,32,15,200,0,201,7683.0,52,10,26,15,198,0,171,0.0,0,0,0,6,48,54,274,11182.0,59,17,32,14,190,0,269,11194.0,58,12,43,15,191,0,260,8454.0,58,13,22,14,189,0,257,8341.0,57,12,27,14,184,0
True,60.0,62.0,36,3228,148,0.0,0,0,0,6,42,61,255,9218.0,57,13,51,16,211,0,343,15778.0,28,18,139,16,219,1,245,8342.0,58,9,38,16,209,0,261,14086.0,59,17,31,16,209,0,155,0.0,0,0,0,7,49,58,227,9184.0,57,10,21,15,200,0,275,11558.0,18,17,59,15,190,2,279,17068.0,59,16,70,15,203,0,269,12532.0,60,12,68,15,200,0
False,68.0,62.0,33,3210,116,0.0,0,0,0,8,66,58,220,12122.0,31,9,42,18,257,1,209,10390.0,19,11,27,17,246,2,231,14517.0,32,9,66,18,262,1,356,21824.0,64,36,108,19,297,0,169,0.0,0,0,0,5,36,56,300,14380.0,54,8,88,16,211,0,279,12692.0,57,17,33,15,203,0,343,22099.0,3,20,69,20,335,12,273,10097.0,55,13,38,15,201,0
False,68.0,57.0,51,3102,118,0.0,0,0,0,7,55,57,245,13822.0,67,12,62,16,239,0,224,9409.0,63,10,39,16,237,0,332,19906.0,66,29,110,17,240,0,234,13759.0,60,12,53,16,235,0,152,0.0,0,0,0,5,29,57,245,9747.0,56,9,21,15,193,0,287,13380.0,56,18,65,15,193,0,265,9021.0,56,16,34,15,193,0,271,12035.0,3,10,74,16,215,11
True,62.0,59.0,35,3064,160,0.0,0,0,0,10,93,53,241,8863.0,56,14,22,14,175,0,348,14827.0,7,23,87,18,277,6,245,9742.0,57,13,34,14,180,0,228,8595.0,51,8,20,14,174,0,137,0.0,0,0,0,5,34,58,244,12369.0,28,13,35,16,237,1,262,11851.0,27,12,42,16,235,1,267,13451.0,26,19,47,16,235,1,258,12563.0,26,11,52,16,236,1
False,58.0,62.0,40,3217,113,0.0,0,0,0,6,38,61,232,12495.0,58,15,59,16,212,0,249,9954.0,27,17,70,15,203,1,229,8197.0,56,17,37,16,211,0,200,6476.0,54,8,29,16,208,0,155,0.0,0,0,0,6,43,57,262,10725.0,59,14,53,15,190,0,235,10886.0,57,11,32,15,192,0,261,16810.0,30,20,37,15,194,1,244,11116.0,57,5,58,15,188,0
False,58.0,62.0,37,3255,116,0.0,0,0,0,5,34,62,238,11081.0,55,12,67,16,210,0,234,11999.0,56,11,69,16,206,0,232,11904.0,57,18,52,16,210,0,216,10725.0,57,13,37,16,210,0,158,0.0,0,0,0,7,49,57,228,8595.0,27,9,30,15,190,1,259,10509.0,60,21,47,15,190,0,235,8212.0,58,14,31,15,187,0,255,10859.0,59,13,58,15,191,0
False,54.0,60.0,36,3065,114,0.0,0,0,0,6,39,59,245,9961.0,54,17,66,15,200,0,240,9137.0,26,10,80,15,193,1,236,9131.0,53,13,55,15,197,0,214,9385.0,54,14,26,15,198,0,178,0.0,0,0,0,6,40,54,275,12859.0,60,17,33,14,185,0,282,10189.0,59,12,51,14,189,0,289,11323.0,59,18,45,15,192,0,240,7645.0,56,6,21,14,186,0
True,61.0,64.0,36,3365,144,0.0,0,0,0,7,50,63,252,10544.0,58,16,48,16,209,0,322,14198.0,29,20,112,17,227,1,234,8912.0,59,12,35,16,205,0,242,10073.0,60,11,41,16,209,0,148,0.0,0,0,0,6,44,60,266,13333.0,63,16,64,16,215,0,258,14769.0,61,21,34,16,217,0,272,10449.0,31,11,64,16,200,1,244,14820.0,62,13,34,16,213,0
True,57.0,59.0,34,3083,170,0.0,0,0,0,4,25,59,303,7615.0,54,18,68,15,202,0,316,11704.0,55,16,88,15,203,0,271,10395.0,55,11,41,15,207,0,283,8321.0,55,9,65,15,204,0,124,0.0,0,0,0,5,38,57,216,7735.0,57,14,32,15,192,0,206,6901.0,57,9,24,14,188,0,318,10815.0,55,24,117,15,201,0,215,7043.0,55,8,47,14,188,0
False,57.0,56.0,43,3111,116,0.0,0,0,0,5,34,55,195,9858.0,54,7,27,15,194,0,253,16213.0,56,20,47,15,211,0,209,8286.0,52,11,35,15,197,0,276,9857.0,26,19,78,15,210,1,175,0.0,0,0,0,7,53,55,258,7387.0,24,8,38,14,175,1,292,8893.0,51,12,73,15,191,0,265,8611.0,52,9,47,14,185,0,270,8387.0,25,22,21,14,175,1
False,55.0,61.0,50,3337,112,0.0,0,0,0,5,34,60,213,8887.0,55,17,19,16,206,0,200,10718.0,55,8,36,16,208,0,211,9285.0,27,12,45,15,196,1,282,11121.0,52,17,115,16,207,0,170,0.0,0,0,0,7,48,55,272,12351.0,59,10,60,15,191,0,242,11179.0,60,12,28,15,183,0,242,8970.0,58,8,34,15,181,0,304,15536.0,59,28,62,15,180,0
True,51.0,51.0,43,2744,153,0.0,0,0,0,4,28,51,242,9433.0,47,13,16,13,183,0,283,12676.0,51,18,50,13,180,0,246,6723.0,45,5,47,13,179,0,238,8377.0,51,11,19,13,183,0,122,0.0,0,0,0,5,42,51,203,7890.0,51,8,34,13,179,0,208,9001.0,51,14,22,13,184,0,228,10284.0,50,12,55,13,176,0,203,7754.0,51,12,19,13,179,0
True,58.0,62.0,52,3230,148,0.0,0,0,0,5,33,60,220,7408.0,54,8,23,15,199,0,235,7296.0,28,11,29,15,195,1,236,8065.0,51,12,32,15,200,0,254,13580.0,29,23,27,15,197,1,146,0.0,0,0,0,9,84,58,228,9258.0,56,15,26,14,177,0,225,7660.0,55,8,44,14,177,0,219,9530.0,60,13,14,14,173,0,277,11574.0,61,17,50,15,197,0
False,60.0,64.0,31,3247,122,0.0,0,0,0,6,45,62,253,12321.0,29,16,61,16,222,1,219,9345.0,55,14,26,16,224,0,306,16559.0,30,20,111,16,218,1,201,7658.0,57,6,23,16,226,0,179,0.0,0,0,0,7,52,56,307,13280.0,30,17,84,16,208,1,282,11645.0,29,15,42,16,208,1,274,9288.0,63,13,34,16,214,0,272,9284.0,20,17,35,15,201,2
False,55.0,59.0,45,3208,113,0.0,0,0,0,6,42,59,241,11221.0,55,16,63,15,199,0,251,10831.0,53,12,86,15,196,0,226,11723.0,54,19,25,15,198,0,224,11300.0,54,6,58,15,200,0,149,0.0,0,0,0,6,38,55,252,9158.0,55,6,69,15,191,0,257,9677.0,55,19,43,15,188,0,255,9142.0,53,13,57,15,192,0,256,10428.0,59,14,58,15,194,0
False,57.0,63.0,48,3346,123,0.0,0,0,0,6,40,62,204,7735.0,55,9,28,16,210,0,220,10658.0,27,15,42,16,207,1,203,8753.0,54,12,27,16,213,0,220,10028.0,55,17,32,16,210,0,172,0.0,0,0,0,6,47,56,263,8485.0,27,13,42,15,183,1,264,10179.0,60,14,39,15,189,0,263,10601.0,61,10,47,15,186,0,258,9824.0,59,19,13,15,187,0
True,58.0,59.0,45,3141,146,0.0,0,0,0,5,31,58,255,9558.0,27,11,58,15,190,1,268,9295.0,58,21,48,15,192,0,223,8748.0,55,12,19,15,197,0,232,7745.0,57,10,25,15,193,0,116,0.0,0,0,0,5,35,57,235,16543.0,59,24,31,15,199,0,201,8744.0,57,11,21,15,193,0,203,8968.0,27,13,25,15,194,1,236,9790.0,54,7,71,15,200,0
False,55.0,56.0,49,3030,110,0.0,0,0,0,4,25,56,216,9546.0,52,11,50,14,190,0,201,8838.0,53,8,32,15,194,0,217,13810.0,53,19,33,14,191,0,216,9862.0,54,16,34,14,187,0,155,0.0,0,0,0,5,35,55,243,9110.0,54,11,43,14,171,0,221,7894.0,56,10,17,14,175,0,258,10867.0,56,24,27,14,175,0,230,7556.0,52,7,34,14,174,0
True,57.0,58.0,43,3097,147,0.0,0,0,0,5,27,58,222,7665.0,56,11,15,14,186,0,308,15425.0,57,29,71,14,176,0,216,7915.0,57,5,26,14,179,0,236,9068.0,57,10,39,14,185,0,135,0.0,0,0,0,5,33,57,245,9034.0,52,12,58,14,184,0,227,13602.0,54,16,21,15,190,0,225,8022.0,53,16,27,14,181,0,232,10945.0,54,12,39,14,186,0
True,57.0,60.0,44,3248,147,0.0,0,0,0,5,31,60,246,9609.0,54,15,45,15,192,0,265,12870.0,57,15,61,15,203,0,236,9496.0,57,10,38,15,190,0,254,10395.0,57,14,49,15,200,0,143,0.0,0,0,0,6,42,57,243,8474.0,58,14,55,15,193,0,237,9450.0,56,11,46,15,192,0,241,9438.0,56,13,42,15,189,0,238,7371.0,57,16,35,15,194,0
False,64.0,61.0,36,3439,118,0.0,0,0,0,7,48,61,262,10155.0,60,18,91,16,196,0,232,9043.0,60,10,80,16,199,0,227,7821.0,62,15,56,16,199,0,220,8581.0,58,16,41,16,200,0,144,0.0,0,0,0,4,24,64,246,10016.0,60,17,37,16,202,0,260,10097.0,60,13,72,16,197,0,254,6894.0,56,16,50,16,202,0,226,10146.0,60,11,21,16,196,0
True,60.0,66.0,48,3490,140,0.0,0,0,0,5,31,66,246,11056.0,58,18,43,16,208,0,237,9383.0,58,13,44,17,213,0,231,9911.0,59,12,33,16,210,0,269,10495.0,58,15,80,16,210,0,140,0.0,0,0,0,7,53,60,251,9683.0,61,18,57,16,195,0,220,7710.0,59,10,28,15,189,0,238,7841.0,63,17,42,16,191,0,238,12731.0,65,17,37,16,194,0
False,57.0,57.0,40,3073,115,0.0,0,0,0,6,39,57,249,7886.0,56,13,77,15,195,0,230,9517.0,57,13,52,15,198,0,231,7042.0,53,13,46,15,199,0,223,10728.0,57,14,36,15,196,0,176,0.0,0,0,0,5,33,57,256,9694.0,57,8,36,14,186,0,285,10937.0,56,11,70,14,181,0,300,12012.0,54,18,66,14,188,0,271,11148.0,57,13,42,14,182,0
True,62.0,62.0,30,3276,145,0.0,0,0,0,5,27,61,247,10951.0,56,13,36,16,207,0,260,10560.0,61,15,59,16,211,0,260,8665.0,30,15,52,15,202,1,255,10017.0,61,16,38,16,210,0,143,0.0,0,0,0,6,39,61,207,9153.0,25,8,15,15,198,1,296,14867.0,57,27,75,16,204,0,237,10019.0,57,14,40,15,200,0,240,9475.0,54,11,57,15,200,0
False,57.0,58.0,52,3086,136,0.0,0,0,0,6,45,56,204,8507.0,57,12,15,14,180,0,251,13176.0,56,21,45,14,182,0,205,5990.0,54,8,23,14,188,0,258,10743.0,17,12,83,14,186,2,148,0.0,0,0,0,4,20,57,247,11069.0,55,9,41,15,208,0,250,10199.0,55,16,30,15,207,0,272,11246.0,56,11,55,15,208,0,262,11808.0,57,18,41,15,208,0
False,59.0,57.0,33,3102,121,0.0,0,0,0,6,44,57,224,9241.0,53,13,50,14,184,0,213,9594.0,55,8,44,14,185,0,218,10392.0,55,12,40,14,187,0,239,14749.0,55,23,34,14,187,0,148,0.0,0,0,0,5,27,57,247,14255.0,52,13,41,15,207,0,257,10853.0,27,16,32,15,200,1,250,11236.0,54,13,34,15,200,0,247,12689.0,27,13,47,15,192,1
True,56.0,65.0,37,2991,152,0.0,0,0,0,5,36,56,255,9302.0,54,14,38,14,173,0,248,7718.0,53,12,30,14,177,0,246,8703.0,53,12,28,14,172,0,296,14608.0,4,15,63,17,255,9,115,0.0,0,0,0,5,39,55,242,12093.0,63,14,34,16,248,0,243,15991.0,30,16,34,16,234,1,261,11348.0,60,15,69,16,246,0,243,9649.0,60,16,37,16,247,0
False,59.0,60.0,39,3242,120,0.0,0,0,0,6,44,59,281,11996.0,57,19,103,15,202,0,221,10080.0,56,16,37,15,205,0,216,8674.0,28,12,38,15,196,1,217,7881.0,57,10,46,15,198,0,158,0.0,0,0,0,5,29,59,259,12372.0,59,17,35,15,202,0,268,10890.0,57,21,40,16,207,0,237,11520.0,58,8,38,16,205,0,264,11687.0,58,10,64,15,198,0
True,60.0,60.0,33,3202,161,0.0,0,0,0,4,25,60,248,9483.0,57,13,28,15,196,0,249,9745.0,59,11,29,15,201,0,269,10486.0,58,18,45,15,199,0,317,11184.0,52,17,100,15,204,0,113,0.0,0,0,0,5,28,60,227,9342.0,55,14,55,15,197,0,254,14833.0,58,23,58,15,200,0,204,8859.0,58,9,30,15,202,0,226,8016.0,52,13,51,15,203,0
True,52.0,57.0,28,3000,151,0.0,0,0,0,5,33,56,252,8580.0,50,12,42,15,200,0,252,10821.0,51,10,44,15,206,0,270,9307.0,49,15,41,15,197,0,251,9306.0,24,13,47,14,193,1,121,0.0,0,0,0,6,44,51,228,7710.0,53,19,36,15,201,0,218,9797.0,27,11,33,14,189,1,233,12418.0,55,20,34,15,196,0,223,8180.0,53,5,58,15,199,0
False,59.0,60.0,49,3421,121,0.0,0,0,0,6,45,58,203,9805.0,28,7,40,16,197,1,234,12311.0,55,16,61,16,204,0,301,22674.0,28,18,139,16,204,1,214,13038.0,58,15,38,16,200,0,144,0.0,0,0,0,4,22,57,261,11526.0,56,16,54,16,213,0,244,13994.0,57,13,43,16,208,0,273,12685.0,18,15,76,15,193,2,260,11987.0,57,10,71,16,215,0
True,57.0,61.0,51,3338,146,0.0,0,0,0,6,41,59,256,11332.0,55,15,54,16,213,0,236,12302.0,56,12,28,16,211,0,304,13992.0,17,18,95,15,194,2,252,10902.0,54,11,54,16,200,0,137,0.0,0,0,0,6,38,55,252,11341.0,26,20,48,15,191,1,245,10754.0,56,13,52,16,209,0,264,16118.0,29,16,56,16,199,1,238,10775.0,56,7,52,16,208,0
False,57.0,65.0,64,3368,139,0.0,0,0,0,5,28,65,259,9957.0,56,21,53,16,201,0,249,9496.0,56,13,56,16,200,0,256,14342.0,57,12,69,16,203,0,218,9810.0,52,9,30,16,199,0,146,0.0,0,0,0,6,37,56,236,7032.0,59,15,30,15,195,0,265,11143.0,29,12,80,15,193,1,244,13331.0,62,18,35,15,192,0,239,6976.0,57,17,32,15,192,0
True,54.0,54.0,52,3157,148,0.0,0,0,0,4,23,54,242,7376.0,50,19,27,15,190,0,250,7254.0,52,12,33,15,201,0,247,11053.0,54,9,42,15,208,0,276,10658.0,52,12,74,15,201,0,119,0.0,0,0,0,5,28,52,213,7536.0,25,15,34,14,177,1,220,8355.0,53,12,51,14,184,0,213,9734.0,53,13,35,14,184,0,228,8064.0,26,11,55,14,175,1
True,54.0,56.0,43,3226,146,0.0,0,0,0,4,25,56,233,11272.0,54,15,23,15,189,0,244,9935.0,53,11,56,15,190,0,266,10154.0,54,13,74,15,187,0,232,9861.0,51,15,28,15,189,0,113,0.0,0,0,0,5,33,54,217,13708.0,55,13,44,15,186,0,210,13155.0,56,18,28,15,192,0,208,8154.0,53,9,44,15,189,0,201,9876.0,53,14,22,15,189,0
False,50.0,56.0,57,3074,114,0.0,0,0,0,5,30,52,194,7760.0,15,9,32,14,173,2,245,9952.0,50,16,64,15,204,0,209,8389.0,25,14,25,14,186,1,237,10488.0,25,11,75,14,184,1,163,0.0,0,0,0,5,29,50,256,8922.0,47,7,54,14,176,0,255,9972.0,51,13,36,14,175,0,238,9049.0,47,8,20,14,172,0,254,9578.0,49,12,35,14,178,0
False,49.0,59.0,30,3072,117,0.0,0,0,0,5,38,56,199,6535.0,24,10,22,14,190,1,223,9620.0,49,8,59,15,194,0,249,9408.0,24,15,70,14,183,1,200,5668.0,23,12,15,15,192,1,185,0.0,0,0,0,8,72,49,276,9554.0,53,12,49,14,190,0,292,12702.0,53,13,64,15,192,0,279,9994.0,56,15,28,14,186,0,263,8659.0,54,13,25,14,189,0
True,56.0,56.0,43,3130,154,0.0,0,0,0,5,28,55,272,9776.0,25,19,57,14,185,1,261,10096.0,52,9,56,15,192,0,300,9588.0,49,16,64,16,222,0,231,5740.0,47,11,22,15,190,0,120,0.0,0,0,0,5,36,52,248,14828.0,13,16,78,15,192,3,220,9360.0,26,17,30,15,196,1,216,10779.0,55,8,51,15,196,0,222,9309.0,52,13,33,15,202,0
True,56.0,58.0,42,3164,150,0.0,0,0,0,6,45,58,238,6925.0,50,11,34,15,194,0,237,9862.0,52,13,21,15,194,0,250,9156.0,52,12,44,15,198,0,302,11632.0,50,17,89,15,196,0,115,0.0,0,0,0,4,23,53,227,9665.0,56,12,53,16,213,0,220,9517.0,28,11,43,16,211,1,265,11499.0,55,19,82,16,216,0,204,12294.0,18,9,35,15,196,2
True,58.0,67.0,37,3282,156,0.0,0,0,0,7,51,55,257,8639.0,51,14,46,15,189,0,235,7458.0,51,9,23,15,194,0,340,14023.0,3,17,94,19,290,12,258,8323.0,51,15,51,15,190,0,132,0.0,0,0,0,7,48,54,253,10749.0,31,15,52,18,254,1,243,11943.0,32,9,44,18,258,1,266,15938.0,33,15,62,18,255,1,304,14566.0,31,22,94,18,260,1
False,52.0,56.0,44,3108,120,0.0,0,0,0,6,49,56,220,10283.0,52,8,60,14,182,0,194,7939.0,47,9,23,14,179,0,206,8750.0,50,11,38,14,178,0,249,10985.0,50,22,61,14,178,0,167,0.0,0,0,0,4,18,52,246,8959.0,50,6,35,15,193,0,258,8346.0,54,15,19,15,195,0,279,11188.0,55,13,59,15,199,0,285,11966.0,55,19,50,15,199,0
False,57.0,67.0,48,3441,148,0.0,0,0,0,6,38,62,234,6363.0,17,8,39,16,194,2,268,9315.0,26,11,84,16,199,1,271,11199.0,27,23,46,16,210,1,259,7103.0,24,14,52,16,197,1,158,0.0,0,0,0,6,39,57,257,11588.0,57,14,56,15,190,0,231,11318.0,59,12,23,15,185,0,255,12488.0,60,10,48,15,192,0,271,14865.0,62,21,55,15,192,0
False,56.0,57.0,35,3268,113,0.0,0,0,0,5,33,57,243,8549.0,53,20,66,15,194,0,201,9302.0,55,11,31,15,195,0,203,6908.0,52,13,34,15,196,0,197,5991.0,54,8,29,15,197,0,148,0.0,0,0,0,5,28,55,222,9953.0,53,10,22,15,189,0,245,9946.0,28,12,49,14,180,1,254,10234.0,55,18,48,15,182,0,244,9363.0,54,12,44,15,181,0
True,52.0,58.0,34,3146,164,0.0,0,0,0,5,32,58,251,7426.0,51,12,27,14,182,0,269,11040.0,52,22,25,14,180,0,254,7021.0,52,5,48,14,183,0,250,6517.0,46,12,28,14,179,0,122,0.0,0,0,0,6,44,52,219,8923.0,52,16,43,14,185,0,199,7812.0,51,12,28,14,182,0,216,8182.0,53,14,52,14,184,0,197,9712.0,54,15,19,14,185,0
False,55.0,59.0,48,3318,145,0.0,0,0,0,6,46,59,235,11333.0,55,17,28,15,194,0,229,10988.0,55,8,37,15,195,0,236,12991.0,55,14,34,15,194,0,273,10166.0,50,10,97,15,192,0,151,0.0,0,0,0,6,39,55,247,9563.0,56,14,40,15,191,0,276,13425.0,56,18,67,15,188,0,237,8725.0,56,13,32,15,193,0,247,10303.0,58,9,57,15,190,0
True,50.0,58.0,34,3000,152,0.0,0,0,0,4,26,58,234,9116.0,50,12,25,14,183,0,272,9304.0,49,14,68,14,182,0,259,8308.0,47,8,62,14,184,0,230,8596.0,50,11,18,14,182,0,116,0.0,0,0,0,5,36,50,220,6648.0,52,11,50,14,184,0,235,9425.0,54,21,46,14,176,0,215,9611.0,55,14,32,14,181,0,203,7718.0,52,10,31,14,179,0
False,53.0,55.0,51,3166,119,0.0,0,0,0,6,38,55,240,6868.0,50,18,56,15,187,0,196,6589.0,47,8,23,14,184,0,227,8458.0,45,14,53,15,186,0,213,8076.0,49,11,37,14,183,0,166,0.0,0,0,0,4,24,52,258,8901.0,25,11,38,15,187,1,290,9826.0,53,17,66,15,187,0,280,11402.0,54,9,67,14,185,0,272,10306.0,54,11,51,15,189,0
False,53.0,61.0,63,3203,140,0.0,0,0,0,5,33,60,246,9716.0,25,16,35,15,187,1,277,10876.0,49,14,86,15,203,0,217,8839.0,53,5,26,15,194,0,275,12603.0,52,16,72,15,202,0,153,0.0,0,0,0,6,40,53,252,8957.0,54,11,53,15,193,0,266,10375.0,58,23,42,15,188,0,271,10226.0,58,6,84,15,192,0,253,8041.0,57,16,43,15,191,0
True,59.0,64.0,66,3158,152,0.0,0,0,0,5,35,56,331,15286.0,28,19,93,19,292,1,250,10042.0,9,10,33,17,240,4,265,11676.0,28,10,53,18,262,1,270,12257.0,18,14,40,18,261,2,150,0.0,0,0,0,10,101,48,258,10036.0,55,12,72,15,187,0,316,16040.0,3,18,68,19,315,11,251,10175.0,54,16,43,14,181,0,233,7744.0,53,15,22,15,190,0
True,53.0,60.0,35,3047,182,0.0,0,0,0,6,47,55,262,6042.0,23,9,37,14,181,1,284,7793.0,14,13,60,14,182,2,268,7769.0,47,16,25,14,190,0,327,13497.0,16,13,94,15,203,2,115,0.0,0,0,0,5,32,51,269,11683.0,28,18,78,16,222,1,219,8443.0,57,8,41,16,225,0,245,10049.0,57,17,45,16,222,0,262,13038.0,27,13,70,15,216,1
True,60.0,70.0,47,3577,148,0.0,0,0,0,6,35,70,244,7192.0,54,13,55,16,194,0,241,7230.0,57,16,40,16,194,0,271,8114.0,55,11,90,16,192,0,244,10967.0,54,19,39,16,197,0,140,0.0,0,0,0,5,26,59,230,8215.0,64,13,30,17,209,0,249,8949.0,31,10,63,16,205,1,264,15914.0,67,29,36,17,213,0,238,9259.0,68,16,31,17,217,0
False,52.0,54.0,58,3059,117,0.0,0,0,0,6,43,53,216,7610.0,50,11,39,14,177,0,220,8828.0,48,12,39,14,181,0,214,6832.0,50,7,40,14,178,0,226,6713.0,24,16,44,14,177,1,171,0.0,0,0,0,5,32,51,245,7379.0,50,9,26,14,187,0,281,8846.0,52,12,62,15,193,0,290,10231.0,53,12,70,14,189,0,269,12996.0,26,15,36,14,186,1
True,53.0,56.0,52,3153,147,0.0,0,0,0,5,34,54,227,7931.0,26,12,26,15,189,1,253,10781.0,51,11,61,15,195,0,238,9265.0,52,13,37,15,188,0,291,11593.0,26,16,84,15,187,1,115,0.0,0,0,0,5,32,52,241,10900.0,54,15,63,16,213,0,250,10662.0,54,15,69,15,208,0,216,8474.0,26,11,39,15,195,1,215,9019.0,53,11,47,16,212,0
False,52.0,57.0,40,3142,115,0.0,0,0,0,5,34,56,209,7014.0,52,13,26,15,191,0,222,8234.0,49,9,59,15,192,0,235,10463.0,49,14,67,15,190,0,242,8490.0,24,15,69,14,187,1,173,0.0,0,0,0,5,34,52,255,9284.0,53,9,34,14,183,0,303,12558.0,51,15,84,15,187,0,247,12205.0,56,13,22,14,186,0,262,11834.0,56,14,37,14,186,0
True,52.0,58.0,34,3198,149,0.0,0,0,0,4,25,57,251,9383.0,50,17,41,15,199,0,248,8960.0,23,12,45,15,187,1,240,10110.0,50,11,36,15,200,0,232,7169.0,46,12,29,15,198,0,126,0.0,0,0,0,6,47,52,228,8566.0,53,12,54,15,191,0,202,12583.0,56,8,32,15,189,0,259,14130.0,56,16,85,15,193,0,233,9962.0,55,16,53,15,193,0
False,54.0,69.0,45,3222,161,0.0,0,0,0,8,64,55,294,15555.0,2,10,80,18,260,14,274,10979.0,50,16,54,15,194,0,281,12936.0,50,13,69,15,198,0,253,10407.0,49,10,36,15,194,0,152,0.0,0,0,0,6,40,51,288,12690.0,33,14,66,18,258,1,266,9833.0,64,12,51,18,272,0,284,12912.0,66,18,63,18,274,0,297,15760.0,20,19,62,18,260,2
True,57.0,65.0,41,3209,150,0.0,0,0,0,6,38,56,261,9470.0,53,16,52,15,183,0,325,20121.0,4,22,80,19,295,9,243,8945.0,52,10,44,15,185,0,247,10125.0,51,7,58,15,186,0,118,0.0,0,0,0,5,34,53,253,12115.0,31,20,52,18,257,1,230,9516.0,13,16,26,16,213,3,250,10719.0,59,15,60,18,262,0,240,10916.0,58,7,59,18,263,0
False,54.0,59.0,48,3238,114,0.0,0,0,0,5,31,59,214,8123.0,52,18,26,15,192,0,209,9156.0,49,16,26,15,194,0,219,10486.0,54,11,65,15,193,0,197,6992.0,53,9,28,15,189,0,173,0.0,0,0,0,6,37,54,280,9974.0,55,17,58,15,193,0,255,8260.0,56,13,37,15,189,0,283,13555.0,56,14,63,15,192,0,239,10289.0,53,11,25,15,185,0
True,55.0,58.0,56,3138,172,0.0,0,0,0,5,33,58,266,7423.0,50,11,47,15,189,0,236,5589.0,44,7,18,14,182,0,331,14015.0,51,27,76,14,186,0,255,5851.0,46,6,44,14,184,0,116,0.0,0,0,0,5,31,52,236,8142.0,12,15,67,15,209,3,201,9467.0,51,8,28,15,198,0,237,9079.0,52,17,51,15,205,0,217,8213.0,51,12,44,15,208,0
False,54.0,59.0,48,3212,117,0.0,0,0,0,5,36,58,227,9998.0,54,14,53,15,194,0,243,8661.0,53,14,76,15,195,0,227,9060.0,54,13,59,15,196,0,218,9981.0,25,12,56,15,194,1,174,0.0,0,0,0,6,41,53,257,8298.0,27,10,39,15,185,1,246,6551.0,54,7,31,15,190,0,326,13761.0,53,21,89,15,188,0,268,9046.0,56,17,35,15,190,0
True,52.0,51.0,52,3094,148,0.0,0,0,0,5,33,51,248,10040.0,51,15,51,14,168,0,238,7084.0,50,13,43,14,175,0,237,7600.0,46,5,58,14,172,0,239,6765.0,45,17,32,14,168,0,113,0.0,0,0,0,4,26,52,209,9172.0,51,10,36,15,193,0,212,11378.0,51,11,41,15,193,0,223,9335.0,49,11,61,15,191,0,212,8532.0,51,12,32,14,186,0
True,54.0,60.0,63,3324,141,0.0,0,0,0,5,35,60,265,8580.0,52,15,78,15,196,0,209,6771.0,48,8,18,15,183,0,243,8537.0,51,16,46,15,189,0,227,7835.0,52,14,26,15,192,0,147,0.0,0,0,0,6,42,54,215,8672.0,56,10,22,15,188,0,224,9364.0,59,14,20,15,187,0,233,11601.0,59,11,40,15,187,0,267,13344.0,59,16,77,15,194,0
True,53.0,58.0,63,3203,148,0.0,0,0,0,6,38,56,263,7904.0,51,11,56,15,204,0,289,10987.0,53,12,88,15,206,0,296,8809.0,24,18,88,15,189,1,232,6094.0,24,7,37,15,189,1,151,0.0,0,0,0,7,52,53,253,8806.0,53,11,32,16,218,0,249,9159.0,57,18,38,15,196,0,237,9030.0,55,10,43,15,192,0,312,8651.0,48,14,123,15,200,0
True,54.0,68.0,36,3158,156,0.0,0,0,0,5,29,68,261,11631.0,51,13,44,15,208,0,258,10266.0,52,8,45,15,199,0,256,9364.0,52,15,21,15,202,0,259,9931.0,52,15,39,15,204,0,115,0.0,0,0,0,6,38,53,203,9714.0,32,12,27,15,196,1,227,8997.0,64,17,48,15,199,0,241,11064.0,68,24,41,15,203,0,215,9213.0,65,13,33,15,197,0
False,54.0,58.0,52,3201,123,0.0,0,0,0,6,37,57,298,12946.0,52,21,111,15,187,0,221,7085.0,48,7,60,15,186,0,211,6944.0,46,13,33,15,187,0,201,5607.0,22,11,28,14,178,1,148,0.0,0,0,0,4,20,53,246,7948.0,54,17,37,15,185,0,254,11988.0,27,15,46,14,177,1,228,9489.0,53,13,20,14,183,0,243,8986.0,56,11,45,15,193,0
True,56.0,66.0,34,3313,142,0.0,0,0,0,5,33,61,277,9930.0,17,13,81,15,193,2,301,11049.0,26,19,93,16,204,1,259,11338.0,26,10,57,16,205,1,255,9396.0,25,13,59,15,197,1,143,0.0,0,0,0,5,34,55,251,13587.0,53,16,44,15,189,0,227,8826.0,55,9,35,15,188,0,340,16309.0,30,17,121,18,253,1,240,9879.0,56,20,28,15,186,0
False,53.0,58.0,38,3233,122,0.0,0,0,0,6,47,55,225,9557.0,12,9,66,14,177,3,233,8237.0,48,16,61,15,191,0,220,8526.0,49,13,50,15,188,0,217,10834.0,51,14,46,15,192,0,169,0.0,0,0,0,5,27,53,266,8580.0,49,11,42,15,200,0,278,9887.0,54,17,46,15,204,0,276,8693.0,44,11,61,15,195,0,254,6806.0,48,8,37,15,197,0
False,54.0,59.0,43,3204,117,0.0,0,0,0,6,39,59,223,8651.0,49,12,41,15,204,0,242,9885.0,48,16,71,15,205,0,230,9865.0,48,12,63,15,201,0,201,9756.0,44,12,25,15,204,0,176,0.0,0,0,0,6,44,52,269,10865.0,27,18,32,15,184,1,259,8399.0,57,9,46,15,199,0,261,8807.0,56,15,36,15,188,0,271,8399.0,27,15,50,15,193,1
False,57.0,59.0,35,3237,115,0.0,0,0,0,6,41,59,213,6703.0,54,11,38,15,202,0,235,14022.0,56,11,62,15,204,0,206,5376.0,50,11,33,15,200,0,278,14243.0,55,24,90,16,206,0,147,0.0,0,0,0,5,33,54,266,9474.0,59,16,63,15,202,0,244,8692.0,28,15,28,15,198,1,236,10761.0,56,12,36,15,200,0,242,10043.0,18,13,37,15,187,2
True,50.0,53.0,43,3057,155,0.0,0,0,0,5,34,53,239,6466.0,47,11,29,14,189,0,263,9424.0,50,12,51,14,188,0,257,7480.0,50,15,45,14,191,0,267,9421.0,50,11,65,15,193,0,121,0.0,0,0,0,7,52,50,220,9727.0,52,13,44,14,189,0,211,11186.0,50,7,48,14,191,0,239,8164.0,48,14,66,14,189,0,212,8008.0,51,13,31,14,187,0
True,53.0,56.0,62,3176,156,0.0,0,0,0,6,38,56,242,6312.0,47,10,45,14,183,0,247,7146.0,50,10,43,14,184,0,254,10481.0,51,14,44,14,183,0,255,8300.0,53,16,34,14,184,0,113,0.0,0,0,0,4,24,53,200,10396.0,56,11,23,15,201,0,223,8934.0,49,9,64,15,201,0,211,7867.0,52,9,45,15,202,0,271,12423.0,52,22,83,15,202,0
True,58.0,67.0,33,3345,152,0.0,0,0,0,5,31,66,259,7071.0,54,9,68,16,204,0,231,7043.0,57,8,28,16,199,0,256,10487.0,28,16,43,15,196,1,287,10698.0,57,23,66,15,197,0,121,0.0,0,0,0,7,48,58,235,9867.0,63,13,71,16,198,0,212,8132.0,62,16,33,16,204,0,247,11734.0,63,18,73,16,201,0,217,8674.0,65,16,29,16,201,0
True,52.0,54.0,59,3105,177,0.0,0,0,0,6,42,54,273,10655.0,51,16,33,15,192,0,258,10147.0,50,9,40,15,192,0,269,8269.0,51,9,60,15,190,0,267,10172.0,52,16,23,15,192,0,115,0.0,0,0,0,6,43,51,212,9253.0,50,8,55,15,193,0,225,10718.0,54,13,52,14,189,0,194,10295.0,52,12,21,14,185,0,229,13386.0,26,17,48,14,185,1
True,48.0,51.0,34,2927,151,0.0,0,0,0,5,32,51,233,7234.0,43,15,17,14,186,0,248,8124.0,47,15,30,14,178,0,254,9184.0,47,9,48,14,183,0,245,7876.0,43,6,48,14,179,0,134,0.0,0,0,0,6,50,48,212,6895.0,49,13,32,14,184,0,218,8796.0,46,13,43,14,184,0,207,7221.0,48,11,30,14,184,0,203,7047.0,47,12,24,14,180,0
False,64.0,62.0,52,3174,120,0.0,0,0,0,6,43,60,261,10989.0,60,13,68,17,257,0,267,11467.0,58,13,75,17,255,0,234,9091.0,27,15,36,17,245,1,283,10775.0,28,18,86,17,247,1,171,0.0,0,0,0,6,38,53,286,9039.0,56,10,57,15,192,0,326,14410.0,29,16,74,15,199,1,313,13937.0,4,17,80,16,216,10,290,11011.0,57,10,43,15,203,0
True,53.0,55.0,48,3218,146,0.0,0,0,0,5,27,55,232,9844.0,52,8,42,15,189,0,219,6918.0,50,11,13,15,193,0,227,9796.0,46,14,17,15,186,0,267,11729.0,51,19,59,15,186,0,125,0.0,0,0,0,6,46,53,191,8783.0,52,7,31,15,186,0,205,9807.0,50,13,35,15,188,0,209,8940.0,53,14,38,15,185,0,213,10579.0,52,15,43,15,191,0
True,51.0,55.0,35,3099,151,0.0,0,0,0,5,32,55,238,8409.0,50,11,33,15,196,0,256,9404.0,48,16,44,15,195,0,239,7868.0,48,10,32,15,194,0,237,12230.0,51,9,36,15,197,0,120,0.0,0,0,0,6,45,51,202,8636.0,53,8,41,14,185,0,214,8869.0,54,8,60,14,184,0,243,14190.0,52,25,43,14,183,0,208,10090.0,53,10,38,14,182,0
True,53.0,61.0,29,3196,152,0.0,0,0,0,5,28,61,245,8105.0,50,11,34,15,198,0,251,8018.0,52,8,54,15,199,0,253,9732.0,52,16,35,15,196,0,250,8127.0,49,12,39,15,194,0,127,0.0,0,0,0,6,38,53,203,8488.0,58,13,23,15,184,0,263,13834.0,58,19,84,15,186,0,201,8436.0,61,9,29,15,187,0,208,8365.0,59,14,30,15,190,0
False,53.0,56.0,69,3219,114,0.0,0,0,0,5,31,56,222,13675.0,53,15,45,15,191,0,220,8737.0,50,9,61,15,194,0,215,10720.0,53,16,33,15,194,0,207,8944.0,52,11,28,15,194,0,152,0.0,0,0,0,6,37,53,238,8590.0,51,10,33,15,190,0,237,9007.0,56,17,19,15,192,0,251,8596.0,54,13,58,15,188,0,235,8053.0,54,13,26,15,193,0
True,48.0,50.0,46,2886,169,0.0,0,0,0,4,28,50,282,8692.0,46,11,60,14,183,0,261,7161.0,46,14,27,14,184,0,262,10551.0,46,14,26,14,185,0,259,8264.0,47,8,41,14,185,0,116,0.0,0,0,0,5,36,48,205,7587.0,46,10,30,14,180,0,212,8409.0,48,7,47,14,184,0,231,9659.0,46,15,53,14,180,0,210,8943.0,49,9,33,14,183,0
True,54.0,63.0,45,3218,166,0.0,0,0,0,5,31,60,268,9249.0,52,8,65,15,200,0,310,10742.0,53,19,89,15,205,0,264,9731.0,17,12,48,15,191,2,260,8307.0,24,14,37,15,197,1,119,0.0,0,0,0,7,51,53,312,14894.0,28,21,122,16,213,1,206,10266.0,59,12,31,15,199,0,219,8776.0,59,14,27,15,198,0,197,7628.0,58,10,19,15,201,0
